2026-03-19 10:19:55,272 - /Users/chan/projects/Itcast_qa_system/base/logger.py[line:55] - EduRAG - INFO - 程序启动
2026-03-19 10:19:55,272 - /Users/chan/projects/Itcast_qa_system/base/logger.py[line:50] - EduRAG - INFO - 数据处理完成
2026-03-19 10:19:55,272 - /Users/chan/projects/Itcast_qa_system/base/logger.py[line:58] - EduRAG - INFO - 处理结果: HELLO
2026-03-19 10:19:55,272 - /Users/chan/projects/Itcast_qa_system/base/logger.py[line:61] - EduRAG - INFO - 程序结束
2026-03-19 12:02:42,629 - /Users/chan/projects/Itcast_qa_system/mysql_qa/retrieval/bm25_search_demo.py[line:23] - EduRAG - INFO - BM25模型初始化完成
2026-03-19 12:02:42,635 - /Users/chan/projects/Itcast_qa_system/mysql_qa/retrieval/bm25_search_demo.py[line:36] - EduRAG - INFO - 查询: 他喜欢编程, 最佳匹配: 我喜欢编程, 得分: 1.0943359216923751
2026-03-19 12:02:42,635 - /Users/chan/projects/Itcast_qa_system/mysql_qa/retrieval/bm25_search_demo.py[line:53] - EduRAG - INFO - 查询结果: 我喜欢编程, 得分: 1.0943359216923751
2026-03-19 12:03:35,735 - /Users/chan/projects/Itcast_qa_system/mysql_qa/retrieval/bm25_search_demo.py[line:23] - EduRAG - INFO - BM25模型初始化完成
2026-03-19 12:03:35,735 - /Users/chan/projects/Itcast_qa_system/mysql_qa/retrieval/bm25_search_demo.py[line:36] - EduRAG - INFO - 查询: 他喜欢编程, 最佳匹配: 我喜欢编程, 得分: 1.8135411028218271
2026-03-19 12:03:35,735 - /Users/chan/projects/Itcast_qa_system/mysql_qa/retrieval/bm25_search_demo.py[line:53] - EduRAG - INFO - 查询结果: 我喜欢编程, 得分: 1.8135411028218271
2026-03-19 14:40:51,882 - /Users/chan/projects/Itcast_qa_system/mysql_qa/db/mysql_client.py[line:27] - EduRAG - ERROR - MySQL 连接失败: (2003, "Can't connect to MySQL server on 'localhost' ([Errno 61] Connection refused)")
2026-03-19 14:42:12,787 - /Users/chan/projects/Itcast_qa_system/mysql_qa/db/mysql_client.py[line:24] - EduRAG - INFO - MySQL 连接成功
2026-03-19 14:42:12,794 - /Users/chan/projects/Itcast_qa_system/mysql_qa/db/mysql_client.py[line:57] - EduRAG - INFO - 表创建成功
2026-03-19 14:42:12,884 - /Users/chan/projects/Itcast_qa_system/mysql_qa/db/mysql_client.py[line:70] - EduRAG - INFO - 数据插入成功
2026-03-19 14:45:09,489 - /Users/chan/projects/Itcast_qa_system/mysql_qa/db/mysql_client.py[line:24] - EduRAG - INFO - MySQL 连接成功
2026-03-19 14:45:09,501 - /Users/chan/projects/Itcast_qa_system/mysql_qa/db/mysql_client.py[line:57] - EduRAG - INFO - 表创建成功
2026-03-19 14:45:09,584 - /Users/chan/projects/Itcast_qa_system/mysql_qa/db/mysql_client.py[line:70] - EduRAG - INFO - 数据插入成功
2026-03-19 15:07:17,474 - /Users/chan/projects/Itcast_qa_system/mysql_qa/utils/preprocess.py[line:10] - EduRAG - INFO - 开始预处理文本
2026-03-19 15:44:05,186 - /Users/chan/projects/Itcast_qa_system/mysql_qa/db/mysql_client.py[line:24] - EduRAG - INFO - MySQL 连接成功
2026-03-19 15:44:05,195 - /Users/chan/projects/Itcast_qa_system/mysql_qa/db/mysql_client.py[line:84] - EduRAG - INFO - 成功获取问题
2026-03-19 15:44:05,195 - /Users/chan/projects/Itcast_qa_system/mysql_qa/utils/preprocess.py[line:10] - EduRAG - INFO - 开始预处理文本
2026-03-19 15:44:05,405 - /Users/chan/projects/Itcast_qa_system/mysql_qa/utils/preprocess.py[line:10] - EduRAG - INFO - 开始预处理文本
2026-03-19 15:44:05,405 - /Users/chan/projects/Itcast_qa_system/mysql_qa/utils/preprocess.py[line:10] - EduRAG - INFO - 开始预处理文本
2026-03-19 15:44:05,405 - /Users/chan/projects/Itcast_qa_system/mysql_qa/utils/preprocess.py[line:10] - EduRAG - INFO - 开始预处理文本
2026-03-19 15:44:05,405 - /Users/chan/projects/Itcast_qa_system/mysql_qa/utils/preprocess.py[line:10] - EduRAG - INFO - 开始预处理文本
2026-03-19 15:44:05,405 - /Users/chan/projects/Itcast_qa_system/mysql_qa/utils/preprocess.py[line:10] - EduRAG - INFO - 开始预处理文本
2026-03-19 15:44:05,405 - /Users/chan/projects/Itcast_qa_system/mysql_qa/utils/preprocess.py[line:10] - EduRAG - INFO - 开始预处理文本
2026-03-19 15:44:05,405 - /Users/chan/projects/Itcast_qa_system/mysql_qa/utils/preprocess.py[line:10] - EduRAG - INFO - 开始预处理文本
2026-03-19 15:44:05,405 - /Users/chan/projects/Itcast_qa_system/mysql_qa/utils/preprocess.py[line:10] - EduRAG - INFO - 开始预处理文本
2026-03-19 15:44:05,405 - /Users/chan/projects/Itcast_qa_system/mysql_qa/utils/preprocess.py[line:10] - EduRAG - INFO - 开始预处理文本
2026-03-19 15:44:05,405 - /Users/chan/projects/Itcast_qa_system/mysql_qa/utils/preprocess.py[line:10] - EduRAG - INFO - 开始预处理文本
2026-03-19 15:44:05,405 - /Users/chan/projects/Itcast_qa_system/mysql_qa/utils/preprocess.py[line:10] - EduRAG - INFO - 开始预处理文本
2026-03-19 15:44:05,406 - /Users/chan/projects/Itcast_qa_system/mysql_qa/utils/preprocess.py[line:10] - EduRAG - INFO - 开始预处理文本
2026-03-19 15:44:05,406 - /Users/chan/projects/Itcast_qa_system/mysql_qa/utils/preprocess.py[line:10] - EduRAG - INFO - 开始预处理文本
2026-03-19 15:44:05,406 - /Users/chan/projects/Itcast_qa_system/mysql_qa/utils/preprocess.py[line:10] - EduRAG - INFO - 开始预处理文本
2026-03-19 15:44:05,406 - /Users/chan/projects/Itcast_qa_system/mysql_qa/utils/preprocess.py[line:10] - EduRAG - INFO - 开始预处理文本
2026-03-19 15:44:05,406 - /Users/chan/projects/Itcast_qa_system/mysql_qa/utils/preprocess.py[line:10] - EduRAG - INFO - 开始预处理文本
2026-03-19 15:44:05,406 - /Users/chan/projects/Itcast_qa_system/mysql_qa/utils/preprocess.py[line:10] - EduRAG - INFO - 开始预处理文本
2026-03-19 15:44:05,406 - /Users/chan/projects/Itcast_qa_system/mysql_qa/utils/preprocess.py[line:10] - EduRAG - INFO - 开始预处理文本
2026-03-19 15:44:05,406 - /Users/chan/projects/Itcast_qa_system/mysql_qa/utils/preprocess.py[line:10] - EduRAG - INFO - 开始预处理文本
2026-03-19 15:44:05,406 - /Users/chan/projects/Itcast_qa_system/mysql_qa/utils/preprocess.py[line:10] - EduRAG - INFO - 开始预处理文本
2026-03-19 15:44:05,406 - /Users/chan/projects/Itcast_qa_system/mysql_qa/utils/preprocess.py[line:10] - EduRAG - INFO - 开始预处理文本
2026-03-19 15:44:05,406 - /Users/chan/projects/Itcast_qa_system/mysql_qa/utils/preprocess.py[line:10] - EduRAG - INFO - 开始预处理文本
2026-03-19 15:44:05,406 - /Users/chan/projects/Itcast_qa_system/mysql_qa/utils/preprocess.py[line:10] - EduRAG - INFO - 开始预处理文本
2026-03-19 15:44:05,406 - /Users/chan/projects/Itcast_qa_system/mysql_qa/utils/preprocess.py[line:10] - EduRAG - INFO - 开始预处理文本
2026-03-19 15:44:05,406 - /Users/chan/projects/Itcast_qa_system/mysql_qa/utils/preprocess.py[line:10] - EduRAG - INFO - 开始预处理文本
2026-03-19 15:44:05,406 - /Users/chan/projects/Itcast_qa_system/mysql_qa/utils/preprocess.py[line:10] - EduRAG - INFO - 开始预处理文本
2026-03-19 15:44:05,406 - /Users/chan/projects/Itcast_qa_system/mysql_qa/utils/preprocess.py[line:10] - EduRAG - INFO - 开始预处理文本
2026-03-19 15:44:05,406 - /Users/chan/projects/Itcast_qa_system/mysql_qa/utils/preprocess.py[line:10] - EduRAG - INFO - 开始预处理文本
2026-03-19 15:44:05,406 - /Users/chan/projects/Itcast_qa_system/mysql_qa/utils/preprocess.py[line:10] - EduRAG - INFO - 开始预处理文本
2026-03-19 15:44:05,406 - /Users/chan/projects/Itcast_qa_system/mysql_qa/utils/preprocess.py[line:10] - EduRAG - INFO - 开始预处理文本
2026-03-19 15:44:05,406 - /Users/chan/projects/Itcast_qa_system/mysql_qa/utils/preprocess.py[line:10] - EduRAG - INFO - 开始预处理文本
2026-03-19 15:44:05,406 - /Users/chan/projects/Itcast_qa_system/mysql_qa/utils/preprocess.py[line:10] - EduRAG - INFO - 开始预处理文本
2026-03-19 15:44:05,406 - /Users/chan/projects/Itcast_qa_system/mysql_qa/utils/preprocess.py[line:10] - EduRAG - INFO - 开始预处理文本
2026-03-19 15:44:05,406 - /Users/chan/projects/Itcast_qa_system/mysql_qa/utils/preprocess.py[line:10] - EduRAG - INFO - 开始预处理文本
2026-03-19 15:44:05,406 - /Users/chan/projects/Itcast_qa_system/mysql_qa/utils/preprocess.py[line:10] - EduRAG - INFO - 开始预处理文本
2026-03-19 15:44:05,407 - /Users/chan/projects/Itcast_qa_system/mysql_qa/utils/preprocess.py[line:10] - EduRAG - INFO - 开始预处理文本
2026-03-19 15:44:05,407 - /Users/chan/projects/Itcast_qa_system/mysql_qa/utils/preprocess.py[line:10] - EduRAG - INFO - 开始预处理文本
2026-03-19 15:44:05,407 - /Users/chan/projects/Itcast_qa_system/mysql_qa/utils/preprocess.py[line:10] - EduRAG - INFO - 开始预处理文本
2026-03-19 15:44:05,407 - /Users/chan/projects/Itcast_qa_system/mysql_qa/utils/preprocess.py[line:10] - EduRAG - INFO - 开始预处理文本
2026-03-19 15:44:05,407 - /Users/chan/projects/Itcast_qa_system/mysql_qa/utils/preprocess.py[line:10] - EduRAG - INFO - 开始预处理文本
2026-03-19 15:44:05,407 - /Users/chan/projects/Itcast_qa_system/mysql_qa/utils/preprocess.py[line:10] - EduRAG - INFO - 开始预处理文本
2026-03-19 15:44:05,407 - /Users/chan/projects/Itcast_qa_system/mysql_qa/utils/preprocess.py[line:10] - EduRAG - INFO - 开始预处理文本
2026-03-19 15:44:05,407 - /Users/chan/projects/Itcast_qa_system/mysql_qa/utils/preprocess.py[line:10] - EduRAG - INFO - 开始预处理文本
2026-03-19 15:44:05,407 - /Users/chan/projects/Itcast_qa_system/mysql_qa/utils/preprocess.py[line:10] - EduRAG - INFO - 开始预处理文本
2026-03-19 15:44:05,407 - /Users/chan/projects/Itcast_qa_system/mysql_qa/utils/preprocess.py[line:10] - EduRAG - INFO - 开始预处理文本
2026-03-19 15:44:05,407 - /Users/chan/projects/Itcast_qa_system/mysql_qa/utils/preprocess.py[line:10] - EduRAG - INFO - 开始预处理文本
2026-03-19 15:44:05,407 - /Users/chan/projects/Itcast_qa_system/mysql_qa/utils/preprocess.py[line:10] - EduRAG - INFO - 开始预处理文本
2026-03-19 15:44:05,407 - /Users/chan/projects/Itcast_qa_system/mysql_qa/utils/preprocess.py[line:10] - EduRAG - INFO - 开始预处理文本
2026-03-19 15:44:05,407 - /Users/chan/projects/Itcast_qa_system/mysql_qa/utils/preprocess.py[line:10] - EduRAG - INFO - 开始预处理文本
2026-03-19 15:44:05,407 - /Users/chan/projects/Itcast_qa_system/mysql_qa/utils/preprocess.py[line:10] - EduRAG - INFO - 开始预处理文本
2026-03-19 15:44:05,407 - /Users/chan/projects/Itcast_qa_system/mysql_qa/utils/preprocess.py[line:10] - EduRAG - INFO - 开始预处理文本
2026-03-19 15:44:05,407 - /Users/chan/projects/Itcast_qa_system/mysql_qa/utils/preprocess.py[line:10] - EduRAG - INFO - 开始预处理文本
2026-03-19 15:44:05,407 - /Users/chan/projects/Itcast_qa_system/mysql_qa/utils/preprocess.py[line:10] - EduRAG - INFO - 开始预处理文本
2026-03-19 15:44:05,407 - /Users/chan/projects/Itcast_qa_system/mysql_qa/utils/preprocess.py[line:10] - EduRAG - INFO - 开始预处理文本
2026-03-19 15:44:05,407 - /Users/chan/projects/Itcast_qa_system/mysql_qa/utils/preprocess.py[line:10] - EduRAG - INFO - 开始预处理文本
2026-03-19 15:44:05,407 - /Users/chan/projects/Itcast_qa_system/mysql_qa/utils/preprocess.py[line:10] - EduRAG - INFO - 开始预处理文本
2026-03-19 15:44:05,407 - /Users/chan/projects/Itcast_qa_system/mysql_qa/utils/preprocess.py[line:10] - EduRAG - INFO - 开始预处理文本
2026-03-19 15:44:05,408 - /Users/chan/projects/Itcast_qa_system/mysql_qa/utils/preprocess.py[line:10] - EduRAG - INFO - 开始预处理文本
2026-03-19 15:44:05,408 - /Users/chan/projects/Itcast_qa_system/mysql_qa/utils/preprocess.py[line:10] - EduRAG - INFO - 开始预处理文本
2026-03-19 15:44:05,408 - /Users/chan/projects/Itcast_qa_system/mysql_qa/utils/preprocess.py[line:10] - EduRAG - INFO - 开始预处理文本
2026-03-19 15:44:05,408 - /Users/chan/projects/Itcast_qa_system/mysql_qa/utils/preprocess.py[line:10] - EduRAG - INFO - 开始预处理文本
2026-03-19 15:44:05,408 - /Users/chan/projects/Itcast_qa_system/mysql_qa/utils/preprocess.py[line:10] - EduRAG - INFO - 开始预处理文本
2026-03-19 15:44:05,408 - /Users/chan/projects/Itcast_qa_system/mysql_qa/utils/preprocess.py[line:10] - EduRAG - INFO - 开始预处理文本
2026-03-19 15:44:05,408 - /Users/chan/projects/Itcast_qa_system/mysql_qa/utils/preprocess.py[line:10] - EduRAG - INFO - 开始预处理文本
2026-03-19 15:44:05,408 - /Users/chan/projects/Itcast_qa_system/mysql_qa/utils/preprocess.py[line:10] - EduRAG - INFO - 开始预处理文本
2026-03-19 15:44:05,408 - /Users/chan/projects/Itcast_qa_system/mysql_qa/utils/preprocess.py[line:10] - EduRAG - INFO - 开始预处理文本
2026-03-19 15:44:05,408 - /Users/chan/projects/Itcast_qa_system/mysql_qa/utils/preprocess.py[line:10] - EduRAG - INFO - 开始预处理文本
2026-03-19 15:44:05,408 - /Users/chan/projects/Itcast_qa_system/mysql_qa/utils/preprocess.py[line:10] - EduRAG - INFO - 开始预处理文本
2026-03-19 15:44:05,408 - /Users/chan/projects/Itcast_qa_system/mysql_qa/utils/preprocess.py[line:10] - EduRAG - INFO - 开始预处理文本
2026-03-19 15:44:05,408 - /Users/chan/projects/Itcast_qa_system/mysql_qa/utils/preprocess.py[line:10] - EduRAG - INFO - 开始预处理文本
2026-03-19 15:44:05,408 - /Users/chan/projects/Itcast_qa_system/mysql_qa/utils/preprocess.py[line:10] - EduRAG - INFO - 开始预处理文本
2026-03-19 15:44:05,408 - /Users/chan/projects/Itcast_qa_system/mysql_qa/utils/preprocess.py[line:10] - EduRAG - INFO - 开始预处理文本
2026-03-19 15:44:05,408 - /Users/chan/projects/Itcast_qa_system/mysql_qa/utils/preprocess.py[line:10] - EduRAG - INFO - 开始预处理文本
2026-03-19 15:44:05,408 - /Users/chan/projects/Itcast_qa_system/mysql_qa/utils/preprocess.py[line:10] - EduRAG - INFO - 开始预处理文本
2026-03-19 15:44:05,408 - /Users/chan/projects/Itcast_qa_system/mysql_qa/utils/preprocess.py[line:10] - EduRAG - INFO - 开始预处理文本
2026-03-19 15:44:05,408 - /Users/chan/projects/Itcast_qa_system/mysql_qa/utils/preprocess.py[line:10] - EduRAG - INFO - 开始预处理文本
2026-03-19 15:44:05,408 - /Users/chan/projects/Itcast_qa_system/mysql_qa/utils/preprocess.py[line:10] - EduRAG - INFO - 开始预处理文本
2026-03-19 15:44:05,408 - /Users/chan/projects/Itcast_qa_system/mysql_qa/utils/preprocess.py[line:10] - EduRAG - INFO - 开始预处理文本
2026-03-19 15:44:05,408 - /Users/chan/projects/Itcast_qa_system/mysql_qa/utils/preprocess.py[line:10] - EduRAG - INFO - 开始预处理文本
2026-03-19 15:44:05,408 - /Users/chan/projects/Itcast_qa_system/mysql_qa/utils/preprocess.py[line:10] - EduRAG - INFO - 开始预处理文本
2026-03-19 15:44:05,408 - /Users/chan/projects/Itcast_qa_system/mysql_qa/utils/preprocess.py[line:10] - EduRAG - INFO - 开始预处理文本
2026-03-19 15:44:05,409 - /Users/chan/projects/Itcast_qa_system/mysql_qa/utils/preprocess.py[line:10] - EduRAG - INFO - 开始预处理文本
2026-03-19 15:44:05,409 - /Users/chan/projects/Itcast_qa_system/mysql_qa/utils/preprocess.py[line:10] - EduRAG - INFO - 开始预处理文本
2026-03-19 15:44:05,409 - /Users/chan/projects/Itcast_qa_system/mysql_qa/utils/preprocess.py[line:10] - EduRAG - INFO - 开始预处理文本
2026-03-19 15:44:05,409 - /Users/chan/projects/Itcast_qa_system/mysql_qa/utils/preprocess.py[line:10] - EduRAG - INFO - 开始预处理文本
2026-03-19 15:44:05,409 - /Users/chan/projects/Itcast_qa_system/mysql_qa/utils/preprocess.py[line:10] - EduRAG - INFO - 开始预处理文本
2026-03-19 15:44:05,409 - /Users/chan/projects/Itcast_qa_system/mysql_qa/utils/preprocess.py[line:10] - EduRAG - INFO - 开始预处理文本
2026-03-19 15:44:05,409 - /Users/chan/projects/Itcast_qa_system/mysql_qa/utils/preprocess.py[line:10] - EduRAG - INFO - 开始预处理文本
2026-03-19 15:44:05,409 - /Users/chan/projects/Itcast_qa_system/mysql_qa/utils/preprocess.py[line:10] - EduRAG - INFO - 开始预处理文本
2026-03-19 15:44:05,409 - /Users/chan/projects/Itcast_qa_system/mysql_qa/utils/preprocess.py[line:10] - EduRAG - INFO - 开始预处理文本
2026-03-19 15:44:05,409 - /Users/chan/projects/Itcast_qa_system/mysql_qa/utils/preprocess.py[line:10] - EduRAG - INFO - 开始预处理文本
2026-03-19 15:44:05,409 - /Users/chan/projects/Itcast_qa_system/mysql_qa/utils/preprocess.py[line:10] - EduRAG - INFO - 开始预处理文本
2026-03-19 15:44:05,409 - /Users/chan/projects/Itcast_qa_system/mysql_qa/utils/preprocess.py[line:10] - EduRAG - INFO - 开始预处理文本
2026-03-19 15:44:05,409 - /Users/chan/projects/Itcast_qa_system/mysql_qa/utils/preprocess.py[line:10] - EduRAG - INFO - 开始预处理文本
2026-03-19 15:44:05,409 - /Users/chan/projects/Itcast_qa_system/mysql_qa/utils/preprocess.py[line:10] - EduRAG - INFO - 开始预处理文本
2026-03-19 15:44:05,409 - /Users/chan/projects/Itcast_qa_system/mysql_qa/utils/preprocess.py[line:10] - EduRAG - INFO - 开始预处理文本
2026-03-19 15:44:05,409 - /Users/chan/projects/Itcast_qa_system/mysql_qa/utils/preprocess.py[line:10] - EduRAG - INFO - 开始预处理文本
2026-03-19 15:44:05,409 - /Users/chan/projects/Itcast_qa_system/mysql_qa/utils/preprocess.py[line:10] - EduRAG - INFO - 开始预处理文本
2026-03-19 15:44:05,409 - /Users/chan/projects/Itcast_qa_system/mysql_qa/utils/preprocess.py[line:10] - EduRAG - INFO - 开始预处理文本
2026-03-19 15:44:05,409 - /Users/chan/projects/Itcast_qa_system/mysql_qa/utils/preprocess.py[line:10] - EduRAG - INFO - 开始预处理文本
2026-03-19 15:44:05,409 - /Users/chan/projects/Itcast_qa_system/mysql_qa/utils/preprocess.py[line:10] - EduRAG - INFO - 开始预处理文本
2026-03-19 15:44:05,409 - /Users/chan/projects/Itcast_qa_system/mysql_qa/utils/preprocess.py[line:10] - EduRAG - INFO - 开始预处理文本
2026-03-19 15:44:05,409 - /Users/chan/projects/Itcast_qa_system/mysql_qa/utils/preprocess.py[line:10] - EduRAG - INFO - 开始预处理文本
2026-03-19 15:44:05,409 - /Users/chan/projects/Itcast_qa_system/mysql_qa/utils/preprocess.py[line:10] - EduRAG - INFO - 开始预处理文本
2026-03-19 15:44:05,409 - /Users/chan/projects/Itcast_qa_system/mysql_qa/utils/preprocess.py[line:10] - EduRAG - INFO - 开始预处理文本
2026-03-19 15:44:05,409 - /Users/chan/projects/Itcast_qa_system/mysql_qa/utils/preprocess.py[line:10] - EduRAG - INFO - 开始预处理文本
2026-03-19 15:44:05,410 - /Users/chan/projects/Itcast_qa_system/mysql_qa/utils/preprocess.py[line:10] - EduRAG - INFO - 开始预处理文本
2026-03-19 15:44:05,410 - /Users/chan/projects/Itcast_qa_system/mysql_qa/utils/preprocess.py[line:10] - EduRAG - INFO - 开始预处理文本
2026-03-19 15:44:05,410 - /Users/chan/projects/Itcast_qa_system/mysql_qa/utils/preprocess.py[line:10] - EduRAG - INFO - 开始预处理文本
2026-03-19 15:44:05,410 - /Users/chan/projects/Itcast_qa_system/mysql_qa/utils/preprocess.py[line:10] - EduRAG - INFO - 开始预处理文本
2026-03-19 15:44:05,410 - /Users/chan/projects/Itcast_qa_system/mysql_qa/utils/preprocess.py[line:10] - EduRAG - INFO - 开始预处理文本
2026-03-19 15:44:05,410 - /Users/chan/projects/Itcast_qa_system/mysql_qa/utils/preprocess.py[line:10] - EduRAG - INFO - 开始预处理文本
2026-03-19 15:44:05,410 - /Users/chan/projects/Itcast_qa_system/mysql_qa/utils/preprocess.py[line:10] - EduRAG - INFO - 开始预处理文本
2026-03-19 15:44:05,410 - /Users/chan/projects/Itcast_qa_system/mysql_qa/utils/preprocess.py[line:10] - EduRAG - INFO - 开始预处理文本
2026-03-19 15:44:05,410 - /Users/chan/projects/Itcast_qa_system/mysql_qa/utils/preprocess.py[line:10] - EduRAG - INFO - 开始预处理文本
2026-03-19 15:44:05,410 - /Users/chan/projects/Itcast_qa_system/mysql_qa/utils/preprocess.py[line:10] - EduRAG - INFO - 开始预处理文本
2026-03-19 15:44:05,410 - /Users/chan/projects/Itcast_qa_system/mysql_qa/utils/preprocess.py[line:10] - EduRAG - INFO - 开始预处理文本
2026-03-19 15:44:05,410 - /Users/chan/projects/Itcast_qa_system/mysql_qa/utils/preprocess.py[line:10] - EduRAG - INFO - 开始预处理文本
2026-03-19 15:44:05,410 - /Users/chan/projects/Itcast_qa_system/mysql_qa/utils/preprocess.py[line:10] - EduRAG - INFO - 开始预处理文本
2026-03-19 15:44:05,410 - /Users/chan/projects/Itcast_qa_system/mysql_qa/utils/preprocess.py[line:10] - EduRAG - INFO - 开始预处理文本
2026-03-19 15:44:05,410 - /Users/chan/projects/Itcast_qa_system/mysql_qa/utils/preprocess.py[line:10] - EduRAG - INFO - 开始预处理文本
2026-03-19 15:44:05,410 - /Users/chan/projects/Itcast_qa_system/mysql_qa/utils/preprocess.py[line:10] - EduRAG - INFO - 开始预处理文本
2026-03-19 15:44:05,410 - /Users/chan/projects/Itcast_qa_system/mysql_qa/utils/preprocess.py[line:10] - EduRAG - INFO - 开始预处理文本
2026-03-19 15:44:05,410 - /Users/chan/projects/Itcast_qa_system/mysql_qa/utils/preprocess.py[line:10] - EduRAG - INFO - 开始预处理文本
2026-03-19 15:44:05,410 - /Users/chan/projects/Itcast_qa_system/mysql_qa/utils/preprocess.py[line:10] - EduRAG - INFO - 开始预处理文本
2026-03-19 15:44:05,410 - /Users/chan/projects/Itcast_qa_system/mysql_qa/utils/preprocess.py[line:10] - EduRAG - INFO - 开始预处理文本
2026-03-19 15:44:05,410 - /Users/chan/projects/Itcast_qa_system/mysql_qa/utils/preprocess.py[line:10] - EduRAG - INFO - 开始预处理文本
2026-03-19 15:44:05,410 - /Users/chan/projects/Itcast_qa_system/mysql_qa/utils/preprocess.py[line:10] - EduRAG - INFO - 开始预处理文本
2026-03-19 15:44:05,410 - /Users/chan/projects/Itcast_qa_system/mysql_qa/utils/preprocess.py[line:10] - EduRAG - INFO - 开始预处理文本
2026-03-19 15:44:05,410 - /Users/chan/projects/Itcast_qa_system/mysql_qa/utils/preprocess.py[line:10] - EduRAG - INFO - 开始预处理文本
2026-03-19 15:44:05,410 - /Users/chan/projects/Itcast_qa_system/mysql_qa/utils/preprocess.py[line:10] - EduRAG - INFO - 开始预处理文本
2026-03-19 15:44:05,411 - /Users/chan/projects/Itcast_qa_system/mysql_qa/utils/preprocess.py[line:10] - EduRAG - INFO - 开始预处理文本
2026-03-19 15:44:05,411 - /Users/chan/projects/Itcast_qa_system/mysql_qa/utils/preprocess.py[line:10] - EduRAG - INFO - 开始预处理文本
2026-03-19 15:44:05,411 - /Users/chan/projects/Itcast_qa_system/mysql_qa/utils/preprocess.py[line:10] - EduRAG - INFO - 开始预处理文本
2026-03-19 15:44:05,411 - /Users/chan/projects/Itcast_qa_system/mysql_qa/utils/preprocess.py[line:10] - EduRAG - INFO - 开始预处理文本
2026-03-19 15:44:05,411 - /Users/chan/projects/Itcast_qa_system/mysql_qa/utils/preprocess.py[line:10] - EduRAG - INFO - 开始预处理文本
2026-03-19 15:44:05,411 - /Users/chan/projects/Itcast_qa_system/mysql_qa/utils/preprocess.py[line:10] - EduRAG - INFO - 开始预处理文本
2026-03-19 15:44:05,411 - /Users/chan/projects/Itcast_qa_system/mysql_qa/utils/preprocess.py[line:10] - EduRAG - INFO - 开始预处理文本
2026-03-19 15:44:05,411 - /Users/chan/projects/Itcast_qa_system/mysql_qa/utils/preprocess.py[line:10] - EduRAG - INFO - 开始预处理文本
2026-03-19 15:44:05,411 - /Users/chan/projects/Itcast_qa_system/mysql_qa/utils/preprocess.py[line:10] - EduRAG - INFO - 开始预处理文本
2026-03-19 15:44:05,411 - /Users/chan/projects/Itcast_qa_system/mysql_qa/utils/preprocess.py[line:10] - EduRAG - INFO - 开始预处理文本
2026-03-19 15:44:05,411 - /Users/chan/projects/Itcast_qa_system/mysql_qa/utils/preprocess.py[line:10] - EduRAG - INFO - 开始预处理文本
2026-03-19 15:44:05,411 - /Users/chan/projects/Itcast_qa_system/mysql_qa/utils/preprocess.py[line:10] - EduRAG - INFO - 开始预处理文本
2026-03-19 15:44:05,411 - /Users/chan/projects/Itcast_qa_system/mysql_qa/utils/preprocess.py[line:10] - EduRAG - INFO - 开始预处理文本
2026-03-19 15:44:05,411 - /Users/chan/projects/Itcast_qa_system/mysql_qa/utils/preprocess.py[line:10] - EduRAG - INFO - 开始预处理文本
2026-03-19 15:44:05,411 - /Users/chan/projects/Itcast_qa_system/mysql_qa/utils/preprocess.py[line:10] - EduRAG - INFO - 开始预处理文本
2026-03-19 15:44:05,411 - /Users/chan/projects/Itcast_qa_system/mysql_qa/utils/preprocess.py[line:10] - EduRAG - INFO - 开始预处理文本
2026-03-19 15:44:05,411 - /Users/chan/projects/Itcast_qa_system/mysql_qa/utils/preprocess.py[line:10] - EduRAG - INFO - 开始预处理文本
2026-03-19 15:44:05,411 - /Users/chan/projects/Itcast_qa_system/mysql_qa/utils/preprocess.py[line:10] - EduRAG - INFO - 开始预处理文本
2026-03-19 15:44:05,411 - /Users/chan/projects/Itcast_qa_system/mysql_qa/utils/preprocess.py[line:10] - EduRAG - INFO - 开始预处理文本
2026-03-19 15:44:05,411 - /Users/chan/projects/Itcast_qa_system/mysql_qa/utils/preprocess.py[line:10] - EduRAG - INFO - 开始预处理文本
2026-03-19 15:44:05,411 - /Users/chan/projects/Itcast_qa_system/mysql_qa/utils/preprocess.py[line:10] - EduRAG - INFO - 开始预处理文本
2026-03-19 15:44:05,411 - /Users/chan/projects/Itcast_qa_system/mysql_qa/utils/preprocess.py[line:10] - EduRAG - INFO - 开始预处理文本
2026-03-19 15:44:05,412 - /Users/chan/projects/Itcast_qa_system/mysql_qa/utils/preprocess.py[line:10] - EduRAG - INFO - 开始预处理文本
2026-03-19 15:44:05,412 - /Users/chan/projects/Itcast_qa_system/mysql_qa/utils/preprocess.py[line:10] - EduRAG - INFO - 开始预处理文本
2026-03-19 15:44:05,412 - /Users/chan/projects/Itcast_qa_system/mysql_qa/utils/preprocess.py[line:10] - EduRAG - INFO - 开始预处理文本
2026-03-19 15:44:05,412 - /Users/chan/projects/Itcast_qa_system/mysql_qa/utils/preprocess.py[line:10] - EduRAG - INFO - 开始预处理文本
2026-03-19 15:44:05,412 - /Users/chan/projects/Itcast_qa_system/mysql_qa/utils/preprocess.py[line:10] - EduRAG - INFO - 开始预处理文本
2026-03-19 15:44:05,412 - /Users/chan/projects/Itcast_qa_system/mysql_qa/utils/preprocess.py[line:10] - EduRAG - INFO - 开始预处理文本
2026-03-19 15:44:05,412 - /Users/chan/projects/Itcast_qa_system/mysql_qa/utils/preprocess.py[line:10] - EduRAG - INFO - 开始预处理文本
2026-03-19 15:44:05,412 - /Users/chan/projects/Itcast_qa_system/mysql_qa/utils/preprocess.py[line:10] - EduRAG - INFO - 开始预处理文本
2026-03-19 15:44:05,412 - /Users/chan/projects/Itcast_qa_system/mysql_qa/utils/preprocess.py[line:10] - EduRAG - INFO - 开始预处理文本
2026-03-19 15:44:05,412 - /Users/chan/projects/Itcast_qa_system/mysql_qa/utils/preprocess.py[line:10] - EduRAG - INFO - 开始预处理文本
2026-03-19 15:44:05,412 - /Users/chan/projects/Itcast_qa_system/mysql_qa/utils/preprocess.py[line:10] - EduRAG - INFO - 开始预处理文本
2026-03-19 15:44:05,412 - /Users/chan/projects/Itcast_qa_system/mysql_qa/utils/preprocess.py[line:10] - EduRAG - INFO - 开始预处理文本
2026-03-19 15:44:05,412 - /Users/chan/projects/Itcast_qa_system/mysql_qa/utils/preprocess.py[line:10] - EduRAG - INFO - 开始预处理文本
2026-03-19 15:44:05,412 - /Users/chan/projects/Itcast_qa_system/mysql_qa/utils/preprocess.py[line:10] - EduRAG - INFO - 开始预处理文本
2026-03-19 15:44:05,412 - /Users/chan/projects/Itcast_qa_system/mysql_qa/utils/preprocess.py[line:10] - EduRAG - INFO - 开始预处理文本
2026-03-19 15:44:05,412 - /Users/chan/projects/Itcast_qa_system/mysql_qa/utils/preprocess.py[line:10] - EduRAG - INFO - 开始预处理文本
2026-03-19 15:44:05,412 - /Users/chan/projects/Itcast_qa_system/mysql_qa/utils/preprocess.py[line:10] - EduRAG - INFO - 开始预处理文本
2026-03-19 15:44:05,412 - /Users/chan/projects/Itcast_qa_system/mysql_qa/utils/preprocess.py[line:10] - EduRAG - INFO - 开始预处理文本
2026-03-19 15:44:05,412 - /Users/chan/projects/Itcast_qa_system/mysql_qa/utils/preprocess.py[line:10] - EduRAG - INFO - 开始预处理文本
2026-03-19 15:44:05,412 - /Users/chan/projects/Itcast_qa_system/mysql_qa/utils/preprocess.py[line:10] - EduRAG - INFO - 开始预处理文本
2026-03-19 15:44:05,412 - /Users/chan/projects/Itcast_qa_system/mysql_qa/utils/preprocess.py[line:10] - EduRAG - INFO - 开始预处理文本
2026-03-19 15:44:05,412 - /Users/chan/projects/Itcast_qa_system/mysql_qa/utils/preprocess.py[line:10] - EduRAG - INFO - 开始预处理文本
2026-03-19 15:44:05,412 - /Users/chan/projects/Itcast_qa_system/mysql_qa/utils/preprocess.py[line:10] - EduRAG - INFO - 开始预处理文本
2026-03-19 15:44:05,412 - /Users/chan/projects/Itcast_qa_system/mysql_qa/utils/preprocess.py[line:10] - EduRAG - INFO - 开始预处理文本
2026-03-19 15:44:05,412 - /Users/chan/projects/Itcast_qa_system/mysql_qa/utils/preprocess.py[line:10] - EduRAG - INFO - 开始预处理文本
2026-03-19 15:44:05,412 - /Users/chan/projects/Itcast_qa_system/mysql_qa/utils/preprocess.py[line:10] - EduRAG - INFO - 开始预处理文本
2026-03-19 15:44:05,412 - /Users/chan/projects/Itcast_qa_system/mysql_qa/utils/preprocess.py[line:10] - EduRAG - INFO - 开始预处理文本
2026-03-19 15:44:05,412 - /Users/chan/projects/Itcast_qa_system/mysql_qa/utils/preprocess.py[line:10] - EduRAG - INFO - 开始预处理文本
2026-03-19 15:44:05,413 - /Users/chan/projects/Itcast_qa_system/mysql_qa/utils/preprocess.py[line:10] - EduRAG - INFO - 开始预处理文本
2026-03-19 15:44:05,413 - /Users/chan/projects/Itcast_qa_system/mysql_qa/utils/preprocess.py[line:10] - EduRAG - INFO - 开始预处理文本
2026-03-19 15:44:05,413 - /Users/chan/projects/Itcast_qa_system/mysql_qa/utils/preprocess.py[line:10] - EduRAG - INFO - 开始预处理文本
2026-03-19 15:44:05,413 - /Users/chan/projects/Itcast_qa_system/mysql_qa/utils/preprocess.py[line:10] - EduRAG - INFO - 开始预处理文本
2026-03-19 15:44:05,413 - /Users/chan/projects/Itcast_qa_system/mysql_qa/utils/preprocess.py[line:10] - EduRAG - INFO - 开始预处理文本
2026-03-19 15:44:05,413 - /Users/chan/projects/Itcast_qa_system/mysql_qa/utils/preprocess.py[line:10] - EduRAG - INFO - 开始预处理文本
2026-03-19 15:44:05,413 - /Users/chan/projects/Itcast_qa_system/mysql_qa/utils/preprocess.py[line:10] - EduRAG - INFO - 开始预处理文本
2026-03-19 15:44:05,413 - /Users/chan/projects/Itcast_qa_system/mysql_qa/utils/preprocess.py[line:10] - EduRAG - INFO - 开始预处理文本
2026-03-19 15:44:05,413 - /Users/chan/projects/Itcast_qa_system/mysql_qa/utils/preprocess.py[line:10] - EduRAG - INFO - 开始预处理文本
2026-03-19 15:44:05,413 - /Users/chan/projects/Itcast_qa_system/mysql_qa/utils/preprocess.py[line:10] - EduRAG - INFO - 开始预处理文本
2026-03-19 15:44:05,413 - /Users/chan/projects/Itcast_qa_system/mysql_qa/utils/preprocess.py[line:10] - EduRAG - INFO - 开始预处理文本
2026-03-19 15:44:05,413 - /Users/chan/projects/Itcast_qa_system/mysql_qa/utils/preprocess.py[line:10] - EduRAG - INFO - 开始预处理文本
2026-03-19 15:44:05,413 - /Users/chan/projects/Itcast_qa_system/mysql_qa/utils/preprocess.py[line:10] - EduRAG - INFO - 开始预处理文本
2026-03-19 15:44:05,413 - /Users/chan/projects/Itcast_qa_system/mysql_qa/utils/preprocess.py[line:10] - EduRAG - INFO - 开始预处理文本
2026-03-19 15:44:05,413 - /Users/chan/projects/Itcast_qa_system/mysql_qa/utils/preprocess.py[line:10] - EduRAG - INFO - 开始预处理文本
2026-03-19 15:44:05,413 - /Users/chan/projects/Itcast_qa_system/mysql_qa/utils/preprocess.py[line:10] - EduRAG - INFO - 开始预处理文本
2026-03-19 15:44:05,413 - /Users/chan/projects/Itcast_qa_system/mysql_qa/utils/preprocess.py[line:10] - EduRAG - INFO - 开始预处理文本
2026-03-19 15:44:05,413 - /Users/chan/projects/Itcast_qa_system/mysql_qa/utils/preprocess.py[line:10] - EduRAG - INFO - 开始预处理文本
2026-03-19 15:44:05,413 - /Users/chan/projects/Itcast_qa_system/mysql_qa/utils/preprocess.py[line:10] - EduRAG - INFO - 开始预处理文本
2026-03-19 15:44:05,413 - /Users/chan/projects/Itcast_qa_system/mysql_qa/utils/preprocess.py[line:10] - EduRAG - INFO - 开始预处理文本
2026-03-19 15:44:05,413 - /Users/chan/projects/Itcast_qa_system/mysql_qa/utils/preprocess.py[line:10] - EduRAG - INFO - 开始预处理文本
2026-03-19 15:44:05,413 - /Users/chan/projects/Itcast_qa_system/mysql_qa/utils/preprocess.py[line:10] - EduRAG - INFO - 开始预处理文本
2026-03-19 15:44:05,413 - /Users/chan/projects/Itcast_qa_system/mysql_qa/utils/preprocess.py[line:10] - EduRAG - INFO - 开始预处理文本
2026-03-19 15:44:05,413 - /Users/chan/projects/Itcast_qa_system/mysql_qa/utils/preprocess.py[line:10] - EduRAG - INFO - 开始预处理文本
2026-03-19 15:44:05,413 - /Users/chan/projects/Itcast_qa_system/mysql_qa/utils/preprocess.py[line:10] - EduRAG - INFO - 开始预处理文本
2026-03-19 15:44:05,413 - /Users/chan/projects/Itcast_qa_system/mysql_qa/utils/preprocess.py[line:10] - EduRAG - INFO - 开始预处理文本
2026-03-19 15:44:05,414 - /Users/chan/projects/Itcast_qa_system/mysql_qa/utils/preprocess.py[line:10] - EduRAG - INFO - 开始预处理文本
2026-03-19 15:44:05,414 - /Users/chan/projects/Itcast_qa_system/mysql_qa/utils/preprocess.py[line:10] - EduRAG - INFO - 开始预处理文本
2026-03-19 15:44:05,414 - /Users/chan/projects/Itcast_qa_system/mysql_qa/utils/preprocess.py[line:10] - EduRAG - INFO - 开始预处理文本
2026-03-19 15:44:05,414 - /Users/chan/projects/Itcast_qa_system/mysql_qa/utils/preprocess.py[line:10] - EduRAG - INFO - 开始预处理文本
2026-03-19 15:44:05,414 - /Users/chan/projects/Itcast_qa_system/mysql_qa/utils/preprocess.py[line:10] - EduRAG - INFO - 开始预处理文本
2026-03-19 15:44:05,414 - /Users/chan/projects/Itcast_qa_system/mysql_qa/utils/preprocess.py[line:10] - EduRAG - INFO - 开始预处理文本
2026-03-19 15:44:05,414 - /Users/chan/projects/Itcast_qa_system/mysql_qa/utils/preprocess.py[line:10] - EduRAG - INFO - 开始预处理文本
2026-03-19 15:44:05,414 - /Users/chan/projects/Itcast_qa_system/mysql_qa/utils/preprocess.py[line:10] - EduRAG - INFO - 开始预处理文本
2026-03-19 15:44:05,414 - /Users/chan/projects/Itcast_qa_system/mysql_qa/utils/preprocess.py[line:10] - EduRAG - INFO - 开始预处理文本
2026-03-19 15:44:05,414 - /Users/chan/projects/Itcast_qa_system/mysql_qa/utils/preprocess.py[line:10] - EduRAG - INFO - 开始预处理文本
2026-03-19 15:44:05,414 - /Users/chan/projects/Itcast_qa_system/mysql_qa/utils/preprocess.py[line:10] - EduRAG - INFO - 开始预处理文本
2026-03-19 15:44:05,414 - /Users/chan/projects/Itcast_qa_system/mysql_qa/utils/preprocess.py[line:10] - EduRAG - INFO - 开始预处理文本
2026-03-19 15:44:05,414 - /Users/chan/projects/Itcast_qa_system/mysql_qa/utils/preprocess.py[line:10] - EduRAG - INFO - 开始预处理文本
2026-03-19 15:44:05,414 - /Users/chan/projects/Itcast_qa_system/mysql_qa/utils/preprocess.py[line:10] - EduRAG - INFO - 开始预处理文本
2026-03-19 15:44:05,414 - /Users/chan/projects/Itcast_qa_system/mysql_qa/utils/preprocess.py[line:10] - EduRAG - INFO - 开始预处理文本
2026-03-19 15:44:05,414 - /Users/chan/projects/Itcast_qa_system/mysql_qa/utils/preprocess.py[line:10] - EduRAG - INFO - 开始预处理文本
2026-03-19 15:44:05,414 - /Users/chan/projects/Itcast_qa_system/mysql_qa/utils/preprocess.py[line:10] - EduRAG - INFO - 开始预处理文本
2026-03-19 15:44:05,414 - /Users/chan/projects/Itcast_qa_system/mysql_qa/utils/preprocess.py[line:10] - EduRAG - INFO - 开始预处理文本
2026-03-19 15:44:05,414 - /Users/chan/projects/Itcast_qa_system/mysql_qa/utils/preprocess.py[line:10] - EduRAG - INFO - 开始预处理文本
2026-03-19 15:44:05,414 - /Users/chan/projects/Itcast_qa_system/mysql_qa/utils/preprocess.py[line:10] - EduRAG - INFO - 开始预处理文本
2026-03-19 15:44:05,414 - /Users/chan/projects/Itcast_qa_system/mysql_qa/utils/preprocess.py[line:10] - EduRAG - INFO - 开始预处理文本
2026-03-19 15:44:05,414 - /Users/chan/projects/Itcast_qa_system/mysql_qa/utils/preprocess.py[line:10] - EduRAG - INFO - 开始预处理文本
2026-03-19 15:44:05,414 - /Users/chan/projects/Itcast_qa_system/mysql_qa/utils/preprocess.py[line:10] - EduRAG - INFO - 开始预处理文本
2026-03-19 15:44:05,414 - /Users/chan/projects/Itcast_qa_system/mysql_qa/utils/preprocess.py[line:10] - EduRAG - INFO - 开始预处理文本
2026-03-19 15:44:05,414 - /Users/chan/projects/Itcast_qa_system/mysql_qa/utils/preprocess.py[line:10] - EduRAG - INFO - 开始预处理文本
2026-03-19 15:44:05,414 - /Users/chan/projects/Itcast_qa_system/mysql_qa/utils/preprocess.py[line:10] - EduRAG - INFO - 开始预处理文本
2026-03-19 15:44:05,415 - /Users/chan/projects/Itcast_qa_system/mysql_qa/utils/preprocess.py[line:10] - EduRAG - INFO - 开始预处理文本
2026-03-19 15:44:05,415 - /Users/chan/projects/Itcast_qa_system/mysql_qa/utils/preprocess.py[line:10] - EduRAG - INFO - 开始预处理文本
2026-03-19 15:44:05,415 - /Users/chan/projects/Itcast_qa_system/mysql_qa/utils/preprocess.py[line:10] - EduRAG - INFO - 开始预处理文本
2026-03-19 15:44:05,415 - /Users/chan/projects/Itcast_qa_system/mysql_qa/utils/preprocess.py[line:10] - EduRAG - INFO - 开始预处理文本
2026-03-19 15:44:05,415 - /Users/chan/projects/Itcast_qa_system/mysql_qa/utils/preprocess.py[line:10] - EduRAG - INFO - 开始预处理文本
2026-03-19 15:44:05,415 - /Users/chan/projects/Itcast_qa_system/mysql_qa/utils/preprocess.py[line:10] - EduRAG - INFO - 开始预处理文本
2026-03-19 15:44:05,415 - /Users/chan/projects/Itcast_qa_system/mysql_qa/utils/preprocess.py[line:10] - EduRAG - INFO - 开始预处理文本
2026-03-19 15:44:05,415 - /Users/chan/projects/Itcast_qa_system/mysql_qa/utils/preprocess.py[line:10] - EduRAG - INFO - 开始预处理文本
2026-03-19 15:44:05,415 - /Users/chan/projects/Itcast_qa_system/mysql_qa/utils/preprocess.py[line:10] - EduRAG - INFO - 开始预处理文本
2026-03-19 15:44:05,415 - /Users/chan/projects/Itcast_qa_system/mysql_qa/utils/preprocess.py[line:10] - EduRAG - INFO - 开始预处理文本
2026-03-19 15:44:05,415 - /Users/chan/projects/Itcast_qa_system/mysql_qa/utils/preprocess.py[line:10] - EduRAG - INFO - 开始预处理文本
2026-03-19 15:44:05,415 - /Users/chan/projects/Itcast_qa_system/mysql_qa/utils/preprocess.py[line:10] - EduRAG - INFO - 开始预处理文本
2026-03-19 15:44:05,415 - /Users/chan/projects/Itcast_qa_system/mysql_qa/utils/preprocess.py[line:10] - EduRAG - INFO - 开始预处理文本
2026-03-19 15:44:05,415 - /Users/chan/projects/Itcast_qa_system/mysql_qa/utils/preprocess.py[line:10] - EduRAG - INFO - 开始预处理文本
2026-03-19 15:44:05,415 - /Users/chan/projects/Itcast_qa_system/mysql_qa/utils/preprocess.py[line:10] - EduRAG - INFO - 开始预处理文本
2026-03-19 15:44:05,415 - /Users/chan/projects/Itcast_qa_system/mysql_qa/utils/preprocess.py[line:10] - EduRAG - INFO - 开始预处理文本
2026-03-19 15:44:05,415 - /Users/chan/projects/Itcast_qa_system/mysql_qa/utils/preprocess.py[line:10] - EduRAG - INFO - 开始预处理文本
2026-03-19 15:44:05,415 - /Users/chan/projects/Itcast_qa_system/mysql_qa/utils/preprocess.py[line:10] - EduRAG - INFO - 开始预处理文本
2026-03-19 15:44:05,415 - /Users/chan/projects/Itcast_qa_system/mysql_qa/utils/preprocess.py[line:10] - EduRAG - INFO - 开始预处理文本
2026-03-19 15:44:05,415 - /Users/chan/projects/Itcast_qa_system/mysql_qa/utils/preprocess.py[line:10] - EduRAG - INFO - 开始预处理文本
2026-03-19 15:44:05,415 - /Users/chan/projects/Itcast_qa_system/mysql_qa/utils/preprocess.py[line:10] - EduRAG - INFO - 开始预处理文本
2026-03-19 15:44:05,415 - /Users/chan/projects/Itcast_qa_system/mysql_qa/utils/preprocess.py[line:10] - EduRAG - INFO - 开始预处理文本
2026-03-19 15:44:05,415 - /Users/chan/projects/Itcast_qa_system/mysql_qa/utils/preprocess.py[line:10] - EduRAG - INFO - 开始预处理文本
2026-03-19 15:44:05,415 - /Users/chan/projects/Itcast_qa_system/mysql_qa/utils/preprocess.py[line:10] - EduRAG - INFO - 开始预处理文本
2026-03-19 15:44:05,415 - /Users/chan/projects/Itcast_qa_system/mysql_qa/utils/preprocess.py[line:10] - EduRAG - INFO - 开始预处理文本
2026-03-19 15:44:05,415 - /Users/chan/projects/Itcast_qa_system/mysql_qa/utils/preprocess.py[line:10] - EduRAG - INFO - 开始预处理文本
2026-03-19 15:44:05,415 - /Users/chan/projects/Itcast_qa_system/mysql_qa/utils/preprocess.py[line:10] - EduRAG - INFO - 开始预处理文本
2026-03-19 15:44:05,415 - /Users/chan/projects/Itcast_qa_system/mysql_qa/utils/preprocess.py[line:10] - EduRAG - INFO - 开始预处理文本
2026-03-19 15:44:05,416 - /Users/chan/projects/Itcast_qa_system/mysql_qa/utils/preprocess.py[line:10] - EduRAG - INFO - 开始预处理文本
2026-03-19 15:44:05,416 - /Users/chan/projects/Itcast_qa_system/mysql_qa/utils/preprocess.py[line:10] - EduRAG - INFO - 开始预处理文本
2026-03-19 15:44:05,416 - /Users/chan/projects/Itcast_qa_system/mysql_qa/utils/preprocess.py[line:10] - EduRAG - INFO - 开始预处理文本
2026-03-19 15:44:05,416 - /Users/chan/projects/Itcast_qa_system/mysql_qa/utils/preprocess.py[line:10] - EduRAG - INFO - 开始预处理文本
2026-03-19 15:44:05,416 - /Users/chan/projects/Itcast_qa_system/mysql_qa/utils/preprocess.py[line:10] - EduRAG - INFO - 开始预处理文本
2026-03-19 15:44:05,416 - /Users/chan/projects/Itcast_qa_system/mysql_qa/utils/preprocess.py[line:10] - EduRAG - INFO - 开始预处理文本
2026-03-19 15:44:05,416 - /Users/chan/projects/Itcast_qa_system/mysql_qa/utils/preprocess.py[line:10] - EduRAG - INFO - 开始预处理文本
2026-03-19 15:44:05,416 - /Users/chan/projects/Itcast_qa_system/mysql_qa/utils/preprocess.py[line:10] - EduRAG - INFO - 开始预处理文本
2026-03-19 15:44:05,416 - /Users/chan/projects/Itcast_qa_system/mysql_qa/utils/preprocess.py[line:10] - EduRAG - INFO - 开始预处理文本
2026-03-19 15:44:05,416 - /Users/chan/projects/Itcast_qa_system/mysql_qa/utils/preprocess.py[line:10] - EduRAG - INFO - 开始预处理文本
2026-03-19 15:44:05,416 - /Users/chan/projects/Itcast_qa_system/mysql_qa/utils/preprocess.py[line:10] - EduRAG - INFO - 开始预处理文本
2026-03-19 15:44:05,416 - /Users/chan/projects/Itcast_qa_system/mysql_qa/utils/preprocess.py[line:10] - EduRAG - INFO - 开始预处理文本
2026-03-19 15:44:05,416 - /Users/chan/projects/Itcast_qa_system/mysql_qa/utils/preprocess.py[line:10] - EduRAG - INFO - 开始预处理文本
2026-03-19 15:44:05,416 - /Users/chan/projects/Itcast_qa_system/mysql_qa/utils/preprocess.py[line:10] - EduRAG - INFO - 开始预处理文本
2026-03-19 15:44:05,416 - /Users/chan/projects/Itcast_qa_system/mysql_qa/utils/preprocess.py[line:10] - EduRAG - INFO - 开始预处理文本
2026-03-19 15:44:05,416 - /Users/chan/projects/Itcast_qa_system/mysql_qa/utils/preprocess.py[line:10] - EduRAG - INFO - 开始预处理文本
2026-03-19 15:44:05,416 - /Users/chan/projects/Itcast_qa_system/mysql_qa/utils/preprocess.py[line:10] - EduRAG - INFO - 开始预处理文本
2026-03-19 15:44:05,416 - /Users/chan/projects/Itcast_qa_system/mysql_qa/utils/preprocess.py[line:10] - EduRAG - INFO - 开始预处理文本
2026-03-19 15:44:05,416 - /Users/chan/projects/Itcast_qa_system/mysql_qa/utils/preprocess.py[line:10] - EduRAG - INFO - 开始预处理文本
2026-03-19 15:44:05,416 - /Users/chan/projects/Itcast_qa_system/mysql_qa/utils/preprocess.py[line:10] - EduRAG - INFO - 开始预处理文本
2026-03-19 15:44:05,416 - /Users/chan/projects/Itcast_qa_system/mysql_qa/utils/preprocess.py[line:10] - EduRAG - INFO - 开始预处理文本
2026-03-19 15:44:05,416 - /Users/chan/projects/Itcast_qa_system/mysql_qa/utils/preprocess.py[line:10] - EduRAG - INFO - 开始预处理文本
2026-03-19 15:44:05,416 - /Users/chan/projects/Itcast_qa_system/mysql_qa/utils/preprocess.py[line:10] - EduRAG - INFO - 开始预处理文本
2026-03-19 15:44:05,416 - /Users/chan/projects/Itcast_qa_system/mysql_qa/utils/preprocess.py[line:10] - EduRAG - INFO - 开始预处理文本
2026-03-19 15:44:05,416 - /Users/chan/projects/Itcast_qa_system/mysql_qa/utils/preprocess.py[line:10] - EduRAG - INFO - 开始预处理文本
2026-03-19 15:44:05,416 - /Users/chan/projects/Itcast_qa_system/mysql_qa/utils/preprocess.py[line:10] - EduRAG - INFO - 开始预处理文本
2026-03-19 15:44:05,417 - /Users/chan/projects/Itcast_qa_system/mysql_qa/utils/preprocess.py[line:10] - EduRAG - INFO - 开始预处理文本
2026-03-19 15:44:05,417 - /Users/chan/projects/Itcast_qa_system/mysql_qa/utils/preprocess.py[line:10] - EduRAG - INFO - 开始预处理文本
2026-03-19 15:44:05,417 - /Users/chan/projects/Itcast_qa_system/mysql_qa/utils/preprocess.py[line:10] - EduRAG - INFO - 开始预处理文本
2026-03-19 15:44:05,417 - /Users/chan/projects/Itcast_qa_system/mysql_qa/utils/preprocess.py[line:10] - EduRAG - INFO - 开始预处理文本
2026-03-19 15:44:05,417 - /Users/chan/projects/Itcast_qa_system/mysql_qa/utils/preprocess.py[line:10] - EduRAG - INFO - 开始预处理文本
2026-03-19 15:44:05,417 - /Users/chan/projects/Itcast_qa_system/mysql_qa/utils/preprocess.py[line:10] - EduRAG - INFO - 开始预处理文本
2026-03-19 15:44:05,417 - /Users/chan/projects/Itcast_qa_system/mysql_qa/utils/preprocess.py[line:10] - EduRAG - INFO - 开始预处理文本
2026-03-19 15:44:05,417 - /Users/chan/projects/Itcast_qa_system/mysql_qa/utils/preprocess.py[line:10] - EduRAG - INFO - 开始预处理文本
2026-03-19 15:44:05,417 - /Users/chan/projects/Itcast_qa_system/mysql_qa/utils/preprocess.py[line:10] - EduRAG - INFO - 开始预处理文本
2026-03-19 15:44:05,417 - /Users/chan/projects/Itcast_qa_system/mysql_qa/utils/preprocess.py[line:10] - EduRAG - INFO - 开始预处理文本
2026-03-19 15:44:05,417 - /Users/chan/projects/Itcast_qa_system/mysql_qa/utils/preprocess.py[line:10] - EduRAG - INFO - 开始预处理文本
2026-03-19 15:44:05,417 - /Users/chan/projects/Itcast_qa_system/mysql_qa/utils/preprocess.py[line:10] - EduRAG - INFO - 开始预处理文本
2026-03-19 15:44:05,417 - /Users/chan/projects/Itcast_qa_system/mysql_qa/utils/preprocess.py[line:10] - EduRAG - INFO - 开始预处理文本
2026-03-19 15:44:05,417 - /Users/chan/projects/Itcast_qa_system/mysql_qa/utils/preprocess.py[line:10] - EduRAG - INFO - 开始预处理文本
2026-03-19 15:44:05,417 - /Users/chan/projects/Itcast_qa_system/mysql_qa/utils/preprocess.py[line:10] - EduRAG - INFO - 开始预处理文本
2026-03-19 15:44:05,417 - /Users/chan/projects/Itcast_qa_system/mysql_qa/utils/preprocess.py[line:10] - EduRAG - INFO - 开始预处理文本
2026-03-19 15:44:05,417 - /Users/chan/projects/Itcast_qa_system/mysql_qa/utils/preprocess.py[line:10] - EduRAG - INFO - 开始预处理文本
2026-03-19 15:44:05,417 - /Users/chan/projects/Itcast_qa_system/mysql_qa/utils/preprocess.py[line:10] - EduRAG - INFO - 开始预处理文本
2026-03-19 15:44:05,417 - /Users/chan/projects/Itcast_qa_system/mysql_qa/utils/preprocess.py[line:10] - EduRAG - INFO - 开始预处理文本
2026-03-19 15:44:05,417 - /Users/chan/projects/Itcast_qa_system/mysql_qa/utils/preprocess.py[line:10] - EduRAG - INFO - 开始预处理文本
2026-03-19 15:44:05,417 - /Users/chan/projects/Itcast_qa_system/mysql_qa/utils/preprocess.py[line:10] - EduRAG - INFO - 开始预处理文本
2026-03-19 15:44:05,417 - /Users/chan/projects/Itcast_qa_system/mysql_qa/utils/preprocess.py[line:10] - EduRAG - INFO - 开始预处理文本
2026-03-19 15:44:05,418 - /Users/chan/projects/Itcast_qa_system/mysql_qa/utils/preprocess.py[line:10] - EduRAG - INFO - 开始预处理文本
2026-03-19 15:44:05,418 - /Users/chan/projects/Itcast_qa_system/mysql_qa/utils/preprocess.py[line:10] - EduRAG - INFO - 开始预处理文本
2026-03-19 15:44:05,418 - /Users/chan/projects/Itcast_qa_system/mysql_qa/utils/preprocess.py[line:10] - EduRAG - INFO - 开始预处理文本
2026-03-19 15:44:05,418 - /Users/chan/projects/Itcast_qa_system/mysql_qa/utils/preprocess.py[line:10] - EduRAG - INFO - 开始预处理文本
2026-03-19 15:44:05,418 - /Users/chan/projects/Itcast_qa_system/mysql_qa/utils/preprocess.py[line:10] - EduRAG - INFO - 开始预处理文本
2026-03-19 15:44:05,418 - /Users/chan/projects/Itcast_qa_system/mysql_qa/utils/preprocess.py[line:10] - EduRAG - INFO - 开始预处理文本
2026-03-19 15:44:05,418 - /Users/chan/projects/Itcast_qa_system/mysql_qa/utils/preprocess.py[line:10] - EduRAG - INFO - 开始预处理文本
2026-03-19 15:44:05,418 - /Users/chan/projects/Itcast_qa_system/mysql_qa/utils/preprocess.py[line:10] - EduRAG - INFO - 开始预处理文本
2026-03-19 15:44:05,418 - /Users/chan/projects/Itcast_qa_system/mysql_qa/utils/preprocess.py[line:10] - EduRAG - INFO - 开始预处理文本
2026-03-19 15:44:05,418 - /Users/chan/projects/Itcast_qa_system/mysql_qa/utils/preprocess.py[line:10] - EduRAG - INFO - 开始预处理文本
2026-03-19 15:44:05,418 - /Users/chan/projects/Itcast_qa_system/mysql_qa/utils/preprocess.py[line:10] - EduRAG - INFO - 开始预处理文本
2026-03-19 15:44:05,418 - /Users/chan/projects/Itcast_qa_system/mysql_qa/utils/preprocess.py[line:10] - EduRAG - INFO - 开始预处理文本
2026-03-19 15:44:05,418 - /Users/chan/projects/Itcast_qa_system/mysql_qa/utils/preprocess.py[line:10] - EduRAG - INFO - 开始预处理文本
2026-03-19 15:44:05,418 - /Users/chan/projects/Itcast_qa_system/mysql_qa/utils/preprocess.py[line:10] - EduRAG - INFO - 开始预处理文本
2026-03-19 15:44:05,418 - /Users/chan/projects/Itcast_qa_system/mysql_qa/utils/preprocess.py[line:10] - EduRAG - INFO - 开始预处理文本
2026-03-19 15:44:05,418 - /Users/chan/projects/Itcast_qa_system/mysql_qa/utils/preprocess.py[line:10] - EduRAG - INFO - 开始预处理文本
2026-03-19 15:44:05,418 - /Users/chan/projects/Itcast_qa_system/mysql_qa/utils/preprocess.py[line:10] - EduRAG - INFO - 开始预处理文本
2026-03-19 15:44:05,418 - /Users/chan/projects/Itcast_qa_system/mysql_qa/utils/preprocess.py[line:10] - EduRAG - INFO - 开始预处理文本
2026-03-19 15:44:05,418 - /Users/chan/projects/Itcast_qa_system/mysql_qa/utils/preprocess.py[line:10] - EduRAG - INFO - 开始预处理文本
2026-03-19 15:44:05,419 - /Users/chan/projects/Itcast_qa_system/mysql_qa/utils/preprocess.py[line:10] - EduRAG - INFO - 开始预处理文本
2026-03-19 15:44:05,419 - /Users/chan/projects/Itcast_qa_system/mysql_qa/utils/preprocess.py[line:10] - EduRAG - INFO - 开始预处理文本
2026-03-19 15:44:05,419 - /Users/chan/projects/Itcast_qa_system/mysql_qa/utils/preprocess.py[line:10] - EduRAG - INFO - 开始预处理文本
2026-03-19 15:44:05,419 - /Users/chan/projects/Itcast_qa_system/mysql_qa/utils/preprocess.py[line:10] - EduRAG - INFO - 开始预处理文本
2026-03-19 15:44:05,419 - /Users/chan/projects/Itcast_qa_system/mysql_qa/utils/preprocess.py[line:10] - EduRAG - INFO - 开始预处理文本
2026-03-19 15:44:05,419 - /Users/chan/projects/Itcast_qa_system/mysql_qa/utils/preprocess.py[line:10] - EduRAG - INFO - 开始预处理文本
2026-03-19 15:44:05,419 - /Users/chan/projects/Itcast_qa_system/mysql_qa/utils/preprocess.py[line:10] - EduRAG - INFO - 开始预处理文本
2026-03-19 15:44:05,419 - /Users/chan/projects/Itcast_qa_system/mysql_qa/utils/preprocess.py[line:10] - EduRAG - INFO - 开始预处理文本
2026-03-19 15:44:05,419 - /Users/chan/projects/Itcast_qa_system/mysql_qa/utils/preprocess.py[line:10] - EduRAG - INFO - 开始预处理文本
2026-03-19 15:44:05,419 - /Users/chan/projects/Itcast_qa_system/mysql_qa/utils/preprocess.py[line:10] - EduRAG - INFO - 开始预处理文本
2026-03-19 15:44:05,419 - /Users/chan/projects/Itcast_qa_system/mysql_qa/utils/preprocess.py[line:10] - EduRAG - INFO - 开始预处理文本
2026-03-19 15:44:05,419 - /Users/chan/projects/Itcast_qa_system/mysql_qa/utils/preprocess.py[line:10] - EduRAG - INFO - 开始预处理文本
2026-03-19 15:44:05,419 - /Users/chan/projects/Itcast_qa_system/mysql_qa/utils/preprocess.py[line:10] - EduRAG - INFO - 开始预处理文本
2026-03-19 15:44:05,419 - /Users/chan/projects/Itcast_qa_system/mysql_qa/utils/preprocess.py[line:10] - EduRAG - INFO - 开始预处理文本
2026-03-19 15:44:05,419 - /Users/chan/projects/Itcast_qa_system/mysql_qa/utils/preprocess.py[line:10] - EduRAG - INFO - 开始预处理文本
2026-03-19 15:44:05,419 - /Users/chan/projects/Itcast_qa_system/mysql_qa/utils/preprocess.py[line:10] - EduRAG - INFO - 开始预处理文本
2026-03-19 15:44:05,419 - /Users/chan/projects/Itcast_qa_system/mysql_qa/utils/preprocess.py[line:10] - EduRAG - INFO - 开始预处理文本
2026-03-19 15:44:05,419 - /Users/chan/projects/Itcast_qa_system/mysql_qa/utils/preprocess.py[line:10] - EduRAG - INFO - 开始预处理文本
2026-03-19 15:44:05,420 - /Users/chan/projects/Itcast_qa_system/mysql_qa/utils/preprocess.py[line:10] - EduRAG - INFO - 开始预处理文本
2026-03-19 15:44:05,420 - /Users/chan/projects/Itcast_qa_system/mysql_qa/utils/preprocess.py[line:10] - EduRAG - INFO - 开始预处理文本
2026-03-19 15:44:05,420 - /Users/chan/projects/Itcast_qa_system/mysql_qa/utils/preprocess.py[line:10] - EduRAG - INFO - 开始预处理文本
2026-03-19 15:44:05,420 - /Users/chan/projects/Itcast_qa_system/mysql_qa/utils/preprocess.py[line:10] - EduRAG - INFO - 开始预处理文本
2026-03-19 15:44:05,420 - /Users/chan/projects/Itcast_qa_system/mysql_qa/utils/preprocess.py[line:10] - EduRAG - INFO - 开始预处理文本
2026-03-19 15:44:05,420 - /Users/chan/projects/Itcast_qa_system/mysql_qa/utils/preprocess.py[line:10] - EduRAG - INFO - 开始预处理文本
2026-03-19 15:44:05,420 - /Users/chan/projects/Itcast_qa_system/mysql_qa/utils/preprocess.py[line:10] - EduRAG - INFO - 开始预处理文本
2026-03-19 15:44:05,420 - /Users/chan/projects/Itcast_qa_system/mysql_qa/utils/preprocess.py[line:10] - EduRAG - INFO - 开始预处理文本
2026-03-19 15:44:05,420 - /Users/chan/projects/Itcast_qa_system/mysql_qa/utils/preprocess.py[line:10] - EduRAG - INFO - 开始预处理文本
2026-03-19 15:44:05,420 - /Users/chan/projects/Itcast_qa_system/mysql_qa/utils/preprocess.py[line:10] - EduRAG - INFO - 开始预处理文本
2026-03-19 15:44:05,420 - /Users/chan/projects/Itcast_qa_system/mysql_qa/utils/preprocess.py[line:10] - EduRAG - INFO - 开始预处理文本
2026-03-19 15:44:05,420 - /Users/chan/projects/Itcast_qa_system/mysql_qa/utils/preprocess.py[line:10] - EduRAG - INFO - 开始预处理文本
2026-03-19 15:44:05,420 - /Users/chan/projects/Itcast_qa_system/mysql_qa/utils/preprocess.py[line:10] - EduRAG - INFO - 开始预处理文本
2026-03-19 15:44:05,420 - /Users/chan/projects/Itcast_qa_system/mysql_qa/utils/preprocess.py[line:10] - EduRAG - INFO - 开始预处理文本
2026-03-19 15:44:05,420 - /Users/chan/projects/Itcast_qa_system/mysql_qa/utils/preprocess.py[line:10] - EduRAG - INFO - 开始预处理文本
2026-03-19 15:44:05,420 - /Users/chan/projects/Itcast_qa_system/mysql_qa/utils/preprocess.py[line:10] - EduRAG - INFO - 开始预处理文本
2026-03-19 15:44:05,420 - /Users/chan/projects/Itcast_qa_system/mysql_qa/utils/preprocess.py[line:10] - EduRAG - INFO - 开始预处理文本
2026-03-19 15:44:05,420 - /Users/chan/projects/Itcast_qa_system/mysql_qa/utils/preprocess.py[line:10] - EduRAG - INFO - 开始预处理文本
2026-03-19 15:44:05,420 - /Users/chan/projects/Itcast_qa_system/mysql_qa/utils/preprocess.py[line:10] - EduRAG - INFO - 开始预处理文本
2026-03-19 15:44:05,420 - /Users/chan/projects/Itcast_qa_system/mysql_qa/utils/preprocess.py[line:10] - EduRAG - INFO - 开始预处理文本
2026-03-19 15:44:05,420 - /Users/chan/projects/Itcast_qa_system/mysql_qa/utils/preprocess.py[line:10] - EduRAG - INFO - 开始预处理文本
2026-03-19 15:44:05,420 - /Users/chan/projects/Itcast_qa_system/mysql_qa/utils/preprocess.py[line:10] - EduRAG - INFO - 开始预处理文本
2026-03-19 15:44:05,420 - /Users/chan/projects/Itcast_qa_system/mysql_qa/utils/preprocess.py[line:10] - EduRAG - INFO - 开始预处理文本
2026-03-19 15:44:05,420 - /Users/chan/projects/Itcast_qa_system/mysql_qa/utils/preprocess.py[line:10] - EduRAG - INFO - 开始预处理文本
2026-03-19 15:44:05,420 - /Users/chan/projects/Itcast_qa_system/mysql_qa/utils/preprocess.py[line:10] - EduRAG - INFO - 开始预处理文本
2026-03-19 15:44:05,420 - /Users/chan/projects/Itcast_qa_system/mysql_qa/utils/preprocess.py[line:10] - EduRAG - INFO - 开始预处理文本
2026-03-19 15:44:05,421 - /Users/chan/projects/Itcast_qa_system/mysql_qa/utils/preprocess.py[line:10] - EduRAG - INFO - 开始预处理文本
2026-03-19 15:44:05,421 - /Users/chan/projects/Itcast_qa_system/mysql_qa/utils/preprocess.py[line:10] - EduRAG - INFO - 开始预处理文本
2026-03-19 15:44:05,421 - /Users/chan/projects/Itcast_qa_system/mysql_qa/utils/preprocess.py[line:10] - EduRAG - INFO - 开始预处理文本
2026-03-19 15:44:05,421 - /Users/chan/projects/Itcast_qa_system/mysql_qa/utils/preprocess.py[line:10] - EduRAG - INFO - 开始预处理文本
2026-03-19 15:44:05,421 - /Users/chan/projects/Itcast_qa_system/mysql_qa/utils/preprocess.py[line:10] - EduRAG - INFO - 开始预处理文本
2026-03-19 15:44:05,421 - /Users/chan/projects/Itcast_qa_system/mysql_qa/utils/preprocess.py[line:10] - EduRAG - INFO - 开始预处理文本
2026-03-19 15:44:05,421 - /Users/chan/projects/Itcast_qa_system/mysql_qa/utils/preprocess.py[line:10] - EduRAG - INFO - 开始预处理文本
2026-03-19 15:44:05,421 - /Users/chan/projects/Itcast_qa_system/mysql_qa/utils/preprocess.py[line:10] - EduRAG - INFO - 开始预处理文本
2026-03-19 15:44:05,421 - /Users/chan/projects/Itcast_qa_system/mysql_qa/utils/preprocess.py[line:10] - EduRAG - INFO - 开始预处理文本
2026-03-19 15:44:05,421 - /Users/chan/projects/Itcast_qa_system/mysql_qa/utils/preprocess.py[line:10] - EduRAG - INFO - 开始预处理文本
2026-03-19 15:44:05,421 - /Users/chan/projects/Itcast_qa_system/mysql_qa/utils/preprocess.py[line:10] - EduRAG - INFO - 开始预处理文本
2026-03-19 15:44:05,421 - /Users/chan/projects/Itcast_qa_system/mysql_qa/utils/preprocess.py[line:10] - EduRAG - INFO - 开始预处理文本
2026-03-19 15:44:05,421 - /Users/chan/projects/Itcast_qa_system/mysql_qa/utils/preprocess.py[line:10] - EduRAG - INFO - 开始预处理文本
2026-03-19 15:44:05,421 - /Users/chan/projects/Itcast_qa_system/mysql_qa/utils/preprocess.py[line:10] - EduRAG - INFO - 开始预处理文本
2026-03-19 15:44:05,421 - /Users/chan/projects/Itcast_qa_system/mysql_qa/utils/preprocess.py[line:10] - EduRAG - INFO - 开始预处理文本
2026-03-19 15:44:05,421 - /Users/chan/projects/Itcast_qa_system/mysql_qa/utils/preprocess.py[line:10] - EduRAG - INFO - 开始预处理文本
2026-03-19 15:44:05,421 - /Users/chan/projects/Itcast_qa_system/mysql_qa/utils/preprocess.py[line:10] - EduRAG - INFO - 开始预处理文本
2026-03-19 15:44:05,421 - /Users/chan/projects/Itcast_qa_system/mysql_qa/utils/preprocess.py[line:10] - EduRAG - INFO - 开始预处理文本
2026-03-19 15:44:05,421 - /Users/chan/projects/Itcast_qa_system/mysql_qa/utils/preprocess.py[line:10] - EduRAG - INFO - 开始预处理文本
2026-03-19 15:44:05,421 - /Users/chan/projects/Itcast_qa_system/mysql_qa/utils/preprocess.py[line:10] - EduRAG - INFO - 开始预处理文本
2026-03-19 15:44:05,421 - /Users/chan/projects/Itcast_qa_system/mysql_qa/utils/preprocess.py[line:10] - EduRAG - INFO - 开始预处理文本
2026-03-19 15:44:05,421 - /Users/chan/projects/Itcast_qa_system/mysql_qa/utils/preprocess.py[line:10] - EduRAG - INFO - 开始预处理文本
2026-03-19 15:44:05,421 - /Users/chan/projects/Itcast_qa_system/mysql_qa/utils/preprocess.py[line:10] - EduRAG - INFO - 开始预处理文本
2026-03-19 15:44:05,421 - /Users/chan/projects/Itcast_qa_system/mysql_qa/utils/preprocess.py[line:10] - EduRAG - INFO - 开始预处理文本
2026-03-19 15:44:05,421 - /Users/chan/projects/Itcast_qa_system/mysql_qa/utils/preprocess.py[line:10] - EduRAG - INFO - 开始预处理文本
2026-03-19 15:44:05,421 - /Users/chan/projects/Itcast_qa_system/mysql_qa/utils/preprocess.py[line:10] - EduRAG - INFO - 开始预处理文本
2026-03-19 15:44:05,421 - /Users/chan/projects/Itcast_qa_system/mysql_qa/utils/preprocess.py[line:10] - EduRAG - INFO - 开始预处理文本
2026-03-19 15:44:05,421 - /Users/chan/projects/Itcast_qa_system/mysql_qa/utils/preprocess.py[line:10] - EduRAG - INFO - 开始预处理文本
2026-03-19 15:44:05,421 - /Users/chan/projects/Itcast_qa_system/mysql_qa/utils/preprocess.py[line:10] - EduRAG - INFO - 开始预处理文本
2026-03-19 15:44:05,421 - /Users/chan/projects/Itcast_qa_system/mysql_qa/utils/preprocess.py[line:10] - EduRAG - INFO - 开始预处理文本
2026-03-19 15:44:05,422 - /Users/chan/projects/Itcast_qa_system/mysql_qa/utils/preprocess.py[line:10] - EduRAG - INFO - 开始预处理文本
2026-03-19 15:44:05,422 - /Users/chan/projects/Itcast_qa_system/mysql_qa/utils/preprocess.py[line:10] - EduRAG - INFO - 开始预处理文本
2026-03-19 15:44:05,422 - /Users/chan/projects/Itcast_qa_system/mysql_qa/utils/preprocess.py[line:10] - EduRAG - INFO - 开始预处理文本
2026-03-19 15:44:05,422 - /Users/chan/projects/Itcast_qa_system/mysql_qa/utils/preprocess.py[line:10] - EduRAG - INFO - 开始预处理文本
2026-03-19 15:44:05,422 - /Users/chan/projects/Itcast_qa_system/mysql_qa/utils/preprocess.py[line:10] - EduRAG - INFO - 开始预处理文本
2026-03-19 15:44:05,422 - /Users/chan/projects/Itcast_qa_system/mysql_qa/utils/preprocess.py[line:10] - EduRAG - INFO - 开始预处理文本
2026-03-19 15:44:05,422 - /Users/chan/projects/Itcast_qa_system/mysql_qa/utils/preprocess.py[line:10] - EduRAG - INFO - 开始预处理文本
2026-03-19 15:44:05,422 - /Users/chan/projects/Itcast_qa_system/mysql_qa/utils/preprocess.py[line:10] - EduRAG - INFO - 开始预处理文本
2026-03-19 15:44:05,422 - /Users/chan/projects/Itcast_qa_system/mysql_qa/utils/preprocess.py[line:10] - EduRAG - INFO - 开始预处理文本
2026-03-19 15:44:05,422 - /Users/chan/projects/Itcast_qa_system/mysql_qa/utils/preprocess.py[line:10] - EduRAG - INFO - 开始预处理文本
2026-03-19 15:44:05,422 - /Users/chan/projects/Itcast_qa_system/mysql_qa/utils/preprocess.py[line:10] - EduRAG - INFO - 开始预处理文本
2026-03-19 15:44:05,422 - /Users/chan/projects/Itcast_qa_system/mysql_qa/utils/preprocess.py[line:10] - EduRAG - INFO - 开始预处理文本
2026-03-19 15:44:05,422 - /Users/chan/projects/Itcast_qa_system/mysql_qa/utils/preprocess.py[line:10] - EduRAG - INFO - 开始预处理文本
2026-03-19 15:44:05,422 - /Users/chan/projects/Itcast_qa_system/mysql_qa/utils/preprocess.py[line:10] - EduRAG - INFO - 开始预处理文本
2026-03-19 15:44:05,422 - /Users/chan/projects/Itcast_qa_system/mysql_qa/utils/preprocess.py[line:10] - EduRAG - INFO - 开始预处理文本
2026-03-19 15:44:05,422 - /Users/chan/projects/Itcast_qa_system/mysql_qa/utils/preprocess.py[line:10] - EduRAG - INFO - 开始预处理文本
2026-03-19 15:44:05,422 - /Users/chan/projects/Itcast_qa_system/mysql_qa/utils/preprocess.py[line:10] - EduRAG - INFO - 开始预处理文本
2026-03-19 15:44:05,422 - /Users/chan/projects/Itcast_qa_system/mysql_qa/utils/preprocess.py[line:10] - EduRAG - INFO - 开始预处理文本
2026-03-19 15:44:05,422 - /Users/chan/projects/Itcast_qa_system/mysql_qa/utils/preprocess.py[line:10] - EduRAG - INFO - 开始预处理文本
2026-03-19 15:44:05,422 - /Users/chan/projects/Itcast_qa_system/mysql_qa/utils/preprocess.py[line:10] - EduRAG - INFO - 开始预处理文本
2026-03-19 15:44:05,422 - /Users/chan/projects/Itcast_qa_system/mysql_qa/utils/preprocess.py[line:10] - EduRAG - INFO - 开始预处理文本
2026-03-19 15:44:05,422 - /Users/chan/projects/Itcast_qa_system/mysql_qa/utils/preprocess.py[line:10] - EduRAG - INFO - 开始预处理文本
2026-03-19 15:44:05,422 - /Users/chan/projects/Itcast_qa_system/mysql_qa/utils/preprocess.py[line:10] - EduRAG - INFO - 开始预处理文本
2026-03-19 15:44:05,422 - /Users/chan/projects/Itcast_qa_system/mysql_qa/utils/preprocess.py[line:10] - EduRAG - INFO - 开始预处理文本
2026-03-19 15:44:05,422 - /Users/chan/projects/Itcast_qa_system/mysql_qa/utils/preprocess.py[line:10] - EduRAG - INFO - 开始预处理文本
2026-03-19 15:44:05,422 - /Users/chan/projects/Itcast_qa_system/mysql_qa/utils/preprocess.py[line:10] - EduRAG - INFO - 开始预处理文本
2026-03-19 15:44:05,422 - /Users/chan/projects/Itcast_qa_system/mysql_qa/utils/preprocess.py[line:10] - EduRAG - INFO - 开始预处理文本
2026-03-19 15:44:05,423 - /Users/chan/projects/Itcast_qa_system/mysql_qa/utils/preprocess.py[line:10] - EduRAG - INFO - 开始预处理文本
2026-03-19 15:44:05,423 - /Users/chan/projects/Itcast_qa_system/mysql_qa/utils/preprocess.py[line:10] - EduRAG - INFO - 开始预处理文本
2026-03-19 15:44:05,423 - /Users/chan/projects/Itcast_qa_system/mysql_qa/utils/preprocess.py[line:10] - EduRAG - INFO - 开始预处理文本
2026-03-19 15:44:05,423 - /Users/chan/projects/Itcast_qa_system/mysql_qa/utils/preprocess.py[line:10] - EduRAG - INFO - 开始预处理文本
2026-03-19 15:44:05,423 - /Users/chan/projects/Itcast_qa_system/mysql_qa/utils/preprocess.py[line:10] - EduRAG - INFO - 开始预处理文本
2026-03-19 15:44:05,423 - /Users/chan/projects/Itcast_qa_system/mysql_qa/utils/preprocess.py[line:10] - EduRAG - INFO - 开始预处理文本
2026-03-19 15:44:05,423 - /Users/chan/projects/Itcast_qa_system/mysql_qa/utils/preprocess.py[line:10] - EduRAG - INFO - 开始预处理文本
2026-03-19 15:44:05,423 - /Users/chan/projects/Itcast_qa_system/mysql_qa/utils/preprocess.py[line:10] - EduRAG - INFO - 开始预处理文本
2026-03-19 15:44:05,423 - /Users/chan/projects/Itcast_qa_system/mysql_qa/utils/preprocess.py[line:10] - EduRAG - INFO - 开始预处理文本
2026-03-19 15:44:05,423 - /Users/chan/projects/Itcast_qa_system/mysql_qa/utils/preprocess.py[line:10] - EduRAG - INFO - 开始预处理文本
2026-03-19 15:44:05,423 - /Users/chan/projects/Itcast_qa_system/mysql_qa/utils/preprocess.py[line:10] - EduRAG - INFO - 开始预处理文本
2026-03-19 15:44:05,423 - /Users/chan/projects/Itcast_qa_system/mysql_qa/utils/preprocess.py[line:10] - EduRAG - INFO - 开始预处理文本
2026-03-19 15:44:05,423 - /Users/chan/projects/Itcast_qa_system/mysql_qa/utils/preprocess.py[line:10] - EduRAG - INFO - 开始预处理文本
2026-03-19 15:44:05,423 - /Users/chan/projects/Itcast_qa_system/mysql_qa/utils/preprocess.py[line:10] - EduRAG - INFO - 开始预处理文本
2026-03-19 15:44:05,423 - /Users/chan/projects/Itcast_qa_system/mysql_qa/utils/preprocess.py[line:10] - EduRAG - INFO - 开始预处理文本
2026-03-19 15:44:05,423 - /Users/chan/projects/Itcast_qa_system/mysql_qa/utils/preprocess.py[line:10] - EduRAG - INFO - 开始预处理文本
2026-03-19 15:44:05,423 - /Users/chan/projects/Itcast_qa_system/mysql_qa/utils/preprocess.py[line:10] - EduRAG - INFO - 开始预处理文本
2026-03-19 15:44:05,423 - /Users/chan/projects/Itcast_qa_system/mysql_qa/utils/preprocess.py[line:10] - EduRAG - INFO - 开始预处理文本
2026-03-19 15:44:05,423 - /Users/chan/projects/Itcast_qa_system/mysql_qa/utils/preprocess.py[line:10] - EduRAG - INFO - 开始预处理文本
2026-03-19 15:44:05,423 - /Users/chan/projects/Itcast_qa_system/mysql_qa/utils/preprocess.py[line:10] - EduRAG - INFO - 开始预处理文本
2026-03-19 15:44:05,423 - /Users/chan/projects/Itcast_qa_system/mysql_qa/utils/preprocess.py[line:10] - EduRAG - INFO - 开始预处理文本
2026-03-19 15:44:05,423 - /Users/chan/projects/Itcast_qa_system/mysql_qa/utils/preprocess.py[line:10] - EduRAG - INFO - 开始预处理文本
2026-03-19 15:44:05,423 - /Users/chan/projects/Itcast_qa_system/mysql_qa/utils/preprocess.py[line:10] - EduRAG - INFO - 开始预处理文本
2026-03-19 15:44:05,424 - /Users/chan/projects/Itcast_qa_system/mysql_qa/utils/preprocess.py[line:10] - EduRAG - INFO - 开始预处理文本
2026-03-19 15:44:05,424 - /Users/chan/projects/Itcast_qa_system/mysql_qa/utils/preprocess.py[line:10] - EduRAG - INFO - 开始预处理文本
2026-03-19 15:44:05,424 - /Users/chan/projects/Itcast_qa_system/mysql_qa/utils/preprocess.py[line:10] - EduRAG - INFO - 开始预处理文本
2026-03-19 15:44:05,424 - /Users/chan/projects/Itcast_qa_system/mysql_qa/utils/preprocess.py[line:10] - EduRAG - INFO - 开始预处理文本
2026-03-19 15:44:05,424 - /Users/chan/projects/Itcast_qa_system/mysql_qa/utils/preprocess.py[line:10] - EduRAG - INFO - 开始预处理文本
2026-03-19 15:44:05,424 - /Users/chan/projects/Itcast_qa_system/mysql_qa/utils/preprocess.py[line:10] - EduRAG - INFO - 开始预处理文本
2026-03-19 15:44:05,424 - /Users/chan/projects/Itcast_qa_system/mysql_qa/utils/preprocess.py[line:10] - EduRAG - INFO - 开始预处理文本
2026-03-19 15:44:05,424 - /Users/chan/projects/Itcast_qa_system/mysql_qa/utils/preprocess.py[line:10] - EduRAG - INFO - 开始预处理文本
2026-03-19 15:44:05,424 - /Users/chan/projects/Itcast_qa_system/mysql_qa/utils/preprocess.py[line:10] - EduRAG - INFO - 开始预处理文本
2026-03-19 15:44:05,424 - /Users/chan/projects/Itcast_qa_system/mysql_qa/utils/preprocess.py[line:10] - EduRAG - INFO - 开始预处理文本
2026-03-19 15:44:05,424 - /Users/chan/projects/Itcast_qa_system/mysql_qa/utils/preprocess.py[line:10] - EduRAG - INFO - 开始预处理文本
2026-03-19 15:44:05,424 - /Users/chan/projects/Itcast_qa_system/mysql_qa/utils/preprocess.py[line:10] - EduRAG - INFO - 开始预处理文本
2026-03-19 15:44:05,424 - /Users/chan/projects/Itcast_qa_system/mysql_qa/utils/preprocess.py[line:10] - EduRAG - INFO - 开始预处理文本
2026-03-19 15:44:05,424 - /Users/chan/projects/Itcast_qa_system/mysql_qa/utils/preprocess.py[line:10] - EduRAG - INFO - 开始预处理文本
2026-03-19 15:44:05,430 - /Users/chan/projects/Itcast_qa_system/mysql_qa/retrieval/bm25_search.py[line:55] - EduRAG - INFO - BM25 模型初始化完成
2026-03-19 15:44:19,053 - /Users/chan/projects/Itcast_qa_system/mysql_qa/sql_main.py[line:28] - EduRAG - INFO - 处理查询: '你好'
2026-03-19 15:44:19,057 - /Users/chan/projects/Itcast_qa_system/mysql_qa/utils/preprocess.py[line:10] - EduRAG - INFO - 开始预处理文本
2026-03-19 15:44:19,058 - /Users/chan/projects/Itcast_qa_system/mysql_qa/retrieval/bm25_search.py[line:86] - EduRAG - INFO - 搜索最高分 [0.126] 结果: ('思维导图安装\n你好我想在电脑里面安装思维导图系统',)
2026-03-19 15:44:19,058 - /Users/chan/projects/Itcast_qa_system/mysql_qa/retrieval/bm25_search.py[line:101] - EduRAG - INFO - 未找到可靠答案，最高 Softmax 相似度: 0.126
2026-03-19 15:44:19,059 - /Users/chan/projects/Itcast_qa_system/mysql_qa/sql_main.py[line:36] - EduRAG - INFO - SQL中未找到答案, 需要调用RAG系统
2026-03-19 15:44:19,059 - /Users/chan/projects/Itcast_qa_system/mysql_qa/sql_main.py[line:42] - EduRAG - INFO - 查询处理耗时 0.01秒
2026-03-19 15:46:09,544 - /Users/chan/projects/Itcast_qa_system/mysql_qa/sql_main.py[line:28] - EduRAG - INFO - 处理查询: 'lxml的tree报错'
2026-03-19 15:46:09,554 - /Users/chan/projects/Itcast_qa_system/mysql_qa/utils/preprocess.py[line:10] - EduRAG - INFO - 开始预处理文本
2026-03-19 15:46:09,556 - /Users/chan/projects/Itcast_qa_system/mysql_qa/retrieval/bm25_search.py[line:86] - EduRAG - INFO - 搜索最高分 [1.000] 结果: ('lxml的tree报错',)
2026-03-19 15:46:09,561 - /Users/chan/projects/Itcast_qa_system/mysql_qa/retrieval/bm25_search.py[line:97] - EduRAG - INFO - 搜索成功，Softmax 相似度: 1.000
2026-03-19 15:46:09,561 - /Users/chan/projects/Itcast_qa_system/mysql_qa/sql_main.py[line:33] - EduRAG - INFO - MySQL 答案: 原因是etree最低支持版本是3.4版本，用户的版本是3.3版本，解决办法是升级python环境
2026-03-19 15:46:09,561 - /Users/chan/projects/Itcast_qa_system/mysql_qa/sql_main.py[line:42] - EduRAG - INFO - 查询处理耗时 0.02秒
2026-03-19 15:47:21,224 - /Users/chan/projects/Itcast_qa_system/mysql_qa/sql_main.py[line:28] - EduRAG - INFO - 处理查询: 'Pycharm不能动态获取用户设置的环境变量，该怎么办呢'
2026-03-19 15:47:21,228 - /Users/chan/projects/Itcast_qa_system/mysql_qa/utils/preprocess.py[line:10] - EduRAG - INFO - 开始预处理文本
2026-03-19 15:47:21,231 - /Users/chan/projects/Itcast_qa_system/mysql_qa/retrieval/bm25_search.py[line:86] - EduRAG - INFO - 搜索最高分 [1.000] 结果: ('Pycharm不能动态获取用户设置的环境变量，需要设置',)
2026-03-19 15:47:21,234 - /Users/chan/projects/Itcast_qa_system/mysql_qa/retrieval/bm25_search.py[line:97] - EduRAG - INFO - 搜索成功，Softmax 相似度: 1.000
2026-03-19 15:47:21,234 - /Users/chan/projects/Itcast_qa_system/mysql_qa/sql_main.py[line:33] - EduRAG - INFO - MySQL 答案: 进行操作添加临时变量后再次使用代码就可以获取到新添加的环境变量
2026-03-19 15:47:21,234 - /Users/chan/projects/Itcast_qa_system/mysql_qa/sql_main.py[line:42] - EduRAG - INFO - 查询处理耗时 0.01秒
2026-03-19 15:49:47,081 - /Users/chan/projects/Itcast_qa_system/mysql_qa/sql_main.py[line:28] - EduRAG - INFO - 处理查询: '如何安装python'
2026-03-19 15:49:47,088 - /Users/chan/projects/Itcast_qa_system/mysql_qa/utils/preprocess.py[line:10] - EduRAG - INFO - 开始预处理文本
2026-03-19 15:49:47,090 - /Users/chan/projects/Itcast_qa_system/mysql_qa/retrieval/bm25_search.py[line:86] - EduRAG - INFO - 搜索最高分 [0.358] 结果: ('win10如何安装python虚拟环境以及爬虫环境',)
2026-03-19 15:49:47,090 - /Users/chan/projects/Itcast_qa_system/mysql_qa/retrieval/bm25_search.py[line:101] - EduRAG - INFO - 未找到可靠答案，最高 Softmax 相似度: 0.358
2026-03-19 15:49:47,090 - /Users/chan/projects/Itcast_qa_system/mysql_qa/sql_main.py[line:36] - EduRAG - INFO - SQL中未找到答案, 需要调用RAG系统
2026-03-19 15:49:47,090 - /Users/chan/projects/Itcast_qa_system/mysql_qa/sql_main.py[line:42] - EduRAG - INFO - 查询处理耗时 0.01秒
2026-03-19 15:50:05,931 - /Users/chan/projects/Itcast_qa_system/mysql_qa/sql_main.py[line:28] - EduRAG - INFO - 处理查询: 'win10如何安装python环境'
2026-03-19 15:50:05,940 - /Users/chan/projects/Itcast_qa_system/mysql_qa/utils/preprocess.py[line:10] - EduRAG - INFO - 开始预处理文本
2026-03-19 15:50:05,942 - /Users/chan/projects/Itcast_qa_system/mysql_qa/retrieval/bm25_search.py[line:86] - EduRAG - INFO - 搜索最高分 [1.000] 结果: ('win10如何安装python虚拟环境以及爬虫环境',)
2026-03-19 15:50:05,946 - /Users/chan/projects/Itcast_qa_system/mysql_qa/retrieval/bm25_search.py[line:97] - EduRAG - INFO - 搜索成功，Softmax 相似度: 1.000
2026-03-19 15:50:05,946 - /Users/chan/projects/Itcast_qa_system/mysql_qa/sql_main.py[line:33] - EduRAG - INFO - MySQL 答案: 以win10环境为例

    windows安装虚拟环境
安装python解释器建议直接安装python3最新版本，去python官网下载python解释器，根据操作系统版本32位还是64位下载对应的版本python解释器,仅仅安装python解释器其他的包不要安装
启动cmd终端准备开始安装虚拟环境,执行一下命令：
pip install virtualenv 
安装 windows 版本的virtualenvwrapper，这个要比我们原始的virtualenv好用很多，执行命令：
pip install virtualenvwrapper-win
配置virtualenvwrapper 虚拟环境位置l想linux下面的.virtualenv，如果不做配置默认是C:\Users\用户\Envs，一把C盘空间不大所以我们把虚拟环境目录设置到其他空间比较大的目录
4.1 创建工作目录，例如我这里创建在：D:\Envs
4.2 为创建的工作目录设置环境变量，右键我的电脑
到此配置virtualenvwrapper工作目录完成
配置完成后重新启动cmd命令窗口，因为新配置的环境变量对当前dos窗口不生效
2026-03-19 15:50:05,946 - /Users/chan/projects/Itcast_qa_system/mysql_qa/sql_main.py[line:42] - EduRAG - INFO - 查询处理耗时 0.02秒
2026-03-19 15:52:00,510 - /Users/chan/projects/Itcast_qa_system/mysql_qa/sql_main.py[line:28] - EduRAG - INFO - 处理查询: 'lxml的tree报错'
2026-03-19 15:52:00,517 - /Users/chan/projects/Itcast_qa_system/mysql_qa/sql_main.py[line:33] - EduRAG - INFO - MySQL 答案: "原因是etree最低支持版本是3.4版本，用户的版本是3.3版本，解决办法是升级python环境"
2026-03-19 15:52:00,518 - /Users/chan/projects/Itcast_qa_system/mysql_qa/sql_main.py[line:42] - EduRAG - INFO - 查询处理耗时 0.01秒
2026-03-20 10:11:15,947 - /Users/chan/projects/Itcast_qa_system/rag_qa/core/document_loader.py[line:82] - EduRAG - WARNING - 不支持的文件类型: /Users/chan/projects/Itcast_qa_system/rag_qa/data/ai_data/.DS_Store
2026-03-20 10:11:16,251 - /Users/chan/projects/Itcast_qa_system/rag_qa/core/document_loader.py[line:74] - EduRAG - INFO - 成功加载文件: /Users/chan/projects/Itcast_qa_system/rag_qa/data/ai_data/人工智能就业课课程大纲.pdf
2026-03-20 10:11:18,763 - /Users/chan/projects/Itcast_qa_system/rag_qa/core/document_loader.py[line:74] - EduRAG - INFO - 成功加载文件: /Users/chan/projects/Itcast_qa_system/rag_qa/data/ai_data/人工智能就业课课程大纲.md
2026-03-20 10:11:18,764 - /Users/chan/projects/Itcast_qa_system/rag_qa/core/document_loader.py[line:94] - EduRAG - INFO - 加载的文档数量: 2
2026-03-20 10:11:18,764 - /Users/chan/projects/Itcast_qa_system/rag_qa/core/document_loader.py[line:116] - EduRAG - INFO - 处理文档: /Users/chan/projects/Itcast_qa_system/rag_qa/data/ai_data/人工智能就业课课程大纲.pdf, 使用切分器: ChineseRecursive
2026-03-20 10:11:18,764 - /Users/chan/projects/Itcast_qa_system/rag_qa/core/document_loader.py[line:116] - EduRAG - INFO - 处理文档: /Users/chan/projects/Itcast_qa_system/rag_qa/data/ai_data/人工智能就业课课程大纲.md, 使用切分器: Markdown
2026-03-20 10:11:18,765 - /Users/chan/projects/Itcast_qa_system/rag_qa/core/document_loader.py[line:144] - EduRAG - INFO - 子块数量: 69
2026-03-20 10:16:19,866 - /Users/chan/projects/Itcast_qa_system/mysql_qa/db/mysql_client.py[line:115] - EduRAG - INFO - MySQL 连接已关闭
2026-03-20 10:19:59,485 - /Users/chan/projects/Itcast_qa_system/rag_qa/core/document_loader.py[line:82] - EduRAG - WARNING - 不支持的文件类型: /Users/chan/projects/Itcast_qa_system/rag_qa/data/ai_data/.DS_Store
2026-03-20 10:19:59,645 - /Users/chan/projects/Itcast_qa_system/rag_qa/core/document_loader.py[line:74] - EduRAG - INFO - 成功加载文件: /Users/chan/projects/Itcast_qa_system/rag_qa/data/ai_data/人工智能就业课课程大纲.pdf
2026-03-20 10:20:02,001 - /Users/chan/projects/Itcast_qa_system/rag_qa/core/document_loader.py[line:74] - EduRAG - INFO - 成功加载文件: /Users/chan/projects/Itcast_qa_system/rag_qa/data/ai_data/人工智能就业课课程大纲.md
2026-03-20 10:20:02,001 - /Users/chan/projects/Itcast_qa_system/rag_qa/core/document_loader.py[line:94] - EduRAG - INFO - 加载的文档数量: 2
2026-03-20 10:20:02,001 - /Users/chan/projects/Itcast_qa_system/rag_qa/core/document_loader.py[line:116] - EduRAG - INFO - 处理文档: /Users/chan/projects/Itcast_qa_system/rag_qa/data/ai_data/人工智能就业课课程大纲.pdf, 使用切分器: ChineseRecursive
2026-03-20 10:20:02,002 - /Users/chan/projects/Itcast_qa_system/rag_qa/core/document_loader.py[line:116] - EduRAG - INFO - 处理文档: /Users/chan/projects/Itcast_qa_system/rag_qa/data/ai_data/人工智能就业课课程大纲.md, 使用切分器: Markdown
2026-03-20 10:20:02,003 - /Users/chan/projects/Itcast_qa_system/rag_qa/core/document_loader.py[line:144] - EduRAG - INFO - 子块数量: 69
2026-03-20 10:44:33,341 - /Users/chan/projects/Itcast_qa_system/rag_qa/core/document_loader.py[line:82] - EduRAG - WARNING - 不支持的文件类型: /Users/chan/projects/Itcast_qa_system/rag_qa/data/ai_data/.DS_Store
2026-03-20 10:44:33,504 - /Users/chan/projects/Itcast_qa_system/rag_qa/core/document_loader.py[line:74] - EduRAG - INFO - 成功加载文件: /Users/chan/projects/Itcast_qa_system/rag_qa/data/ai_data/人工智能就业课课程大纲.pdf
2026-03-20 10:44:33,505 - /Users/chan/projects/Itcast_qa_system/rag_qa/core/document_loader.py[line:94] - EduRAG - INFO - 加载的文档数量: 1
2026-03-20 10:44:33,505 - /Users/chan/projects/Itcast_qa_system/rag_qa/core/document_loader.py[line:116] - EduRAG - INFO - 处理文档: /Users/chan/projects/Itcast_qa_system/rag_qa/data/ai_data/人工智能就业课课程大纲.pdf, 使用切分器: ChineseRecursive
2026-03-20 10:44:33,505 - /Users/chan/projects/Itcast_qa_system/rag_qa/core/document_loader.py[line:144] - EduRAG - INFO - 子块数量: 18
2026-03-20 10:45:49,095 - /Users/chan/projects/Itcast_qa_system/rag_qa/core/document_loader.py[line:82] - EduRAG - WARNING - 不支持的文件类型: /Users/chan/projects/Itcast_qa_system/rag_qa/data/ai_data/.DS_Store
2026-03-20 10:45:49,253 - /Users/chan/projects/Itcast_qa_system/rag_qa/core/document_loader.py[line:74] - EduRAG - INFO - 成功加载文件: /Users/chan/projects/Itcast_qa_system/rag_qa/data/ai_data/人工智能就业课课程大纲.pdf
2026-03-20 10:45:49,253 - /Users/chan/projects/Itcast_qa_system/rag_qa/core/document_loader.py[line:94] - EduRAG - INFO - 加载的文档数量: 1
2026-03-20 10:45:49,253 - /Users/chan/projects/Itcast_qa_system/rag_qa/core/document_loader.py[line:116] - EduRAG - INFO - 处理文档: /Users/chan/projects/Itcast_qa_system/rag_qa/data/ai_data/人工智能就业课课程大纲.pdf, 使用切分器: ChineseRecursive
2026-03-20 10:45:49,254 - /Users/chan/projects/Itcast_qa_system/rag_qa/core/document_loader.py[line:144] - EduRAG - INFO - 子块数量: 18
2026-03-20 15:12:59,838 - /Users/chan/projects/Itcast_qa_system/rag_qa/core/vector_store.py[line:53] - EduRAG - INFO - 使用设置：cpu
2026-03-20 15:14:08,658 - /Users/chan/projects/Itcast_qa_system/rag_qa/core/vector_store.py[line:53] - EduRAG - INFO - 使用设置：cpu
2026-03-20 15:14:13,471 - /Users/chan/projects/Itcast_qa_system/rag_qa/core/vector_store.py[line:115] - EduRAG - INFO - 已创建集合 edurag_0421
2026-03-20 15:14:13,542 - /Users/chan/projects/Itcast_qa_system/rag_qa/core/document_processor.py[line:101] - EduRAG - WARNING - 不支持的文件类型: /Users/chan/projects/Itcast_qa_system/rag_qa/data/ai_data/.DS_Store
2026-03-20 15:14:13,795 - /Users/chan/projects/Itcast_qa_system/rag_qa/core/document_processor.py[line:95] - EduRAG - INFO - 成功加载文件: /Users/chan/projects/Itcast_qa_system/rag_qa/data/ai_data/人工智能就业课课程大纲.pdf
2026-03-20 15:14:16,091 - /Users/chan/projects/Itcast_qa_system/rag_qa/core/document_processor.py[line:95] - EduRAG - INFO - 成功加载文件: /Users/chan/projects/Itcast_qa_system/rag_qa/data/ai_data/人工智能就业课课程大纲.md
2026-03-20 15:14:16,092 - /Users/chan/projects/Itcast_qa_system/rag_qa/core/document_processor.py[line:113] - EduRAG - INFO - 加载的文档数量: 2
2026-03-20 15:14:16,092 - /Users/chan/projects/Itcast_qa_system/rag_qa/core/document_processor.py[line:138] - EduRAG - INFO - 处理文档: /Users/chan/projects/Itcast_qa_system/rag_qa/data/ai_data/人工智能就业课课程大纲.pdf, 使用切分器: ChineseRecursive
2026-03-20 15:14:16,092 - /Users/chan/projects/Itcast_qa_system/rag_qa/core/document_processor.py[line:138] - EduRAG - INFO - 处理文档: /Users/chan/projects/Itcast_qa_system/rag_qa/data/ai_data/人工智能就业课课程大纲.md, 使用切分器: Markdown
2026-03-20 15:14:16,093 - /Users/chan/projects/Itcast_qa_system/rag_qa/core/document_processor.py[line:171] - EduRAG - INFO - 子块数量: 69
2026-03-20 15:14:25,486 - /Users/chan/projects/Itcast_qa_system/rag_qa/core/vector_store.py[line:194] - EduRAG - INFO - 已插入或更新 69 个文档
2026-03-20 15:57:39,542 - /Users/chan/projects/Itcast_qa_system/rag_qa/core/vector_store.py[line:53] - EduRAG - INFO - 使用设置：cpu
2026-03-20 15:57:41,492 - /Users/chan/projects/Itcast_qa_system/rag_qa/core/vector_store.py[line:119] - EduRAG - INFO - 已加载集合 edurag_0421
2026-03-21 12:13:52,594 - /Users/chan/projects/Itcast_qa_system/rag_qa/core/query_classifier.py[line:35] - EduRAG - INFO - 使用设备: mps
2026-03-21 12:13:53,272 - /Users/chan/projects/Itcast_qa_system/rag_qa/core/query_classifier.py[line:49] - EduRAG - INFO - 加载模型: /Users/chan/projects/models/bert-base-chinese
2026-03-21 12:13:53,308 - /Users/chan/projects/Itcast_qa_system/rag_qa/core/query_classifier.py[line:149] - EduRAG - INFO - 开始训练 BERT 模型...
2026-03-21 12:14:06,879 - /Users/chan/projects/Itcast_qa_system/rag_qa/core/query_classifier.py[line:62] - EduRAG - INFO - 模型保存至: /Users/chan/projects/models/bert-base-chinese
2026-03-21 12:14:07,261 - /Users/chan/projects/Itcast_qa_system/rag_qa/core/query_classifier.py[line:181] - EduRAG - INFO - 分类报告:
2026-03-21 12:14:07,266 - /Users/chan/projects/Itcast_qa_system/rag_qa/core/query_classifier.py[line:182] - EduRAG - INFO -               precision    recall  f1-score   support

        通用知识       1.00      1.00      1.00        48
        专业咨询       1.00      1.00      1.00        46

    accuracy                           1.00        94
   macro avg       1.00      1.00      1.00        94
weighted avg       1.00      1.00      1.00        94

2026-03-21 12:14:07,267 - /Users/chan/projects/Itcast_qa_system/rag_qa/core/query_classifier.py[line:187] - EduRAG - INFO - 混淆矩阵:
2026-03-21 12:14:07,267 - /Users/chan/projects/Itcast_qa_system/rag_qa/core/query_classifier.py[line:188] - EduRAG - INFO - [[48  0]
 [ 0 46]]
2026-03-21 12:16:11,766 - /Users/chan/projects/Itcast_qa_system/rag_qa/core/query_classifier.py[line:35] - EduRAG - INFO - 使用设备: mps
2026-03-21 12:16:12,243 - /Users/chan/projects/Itcast_qa_system/rag_qa/core/query_classifier.py[line:49] - EduRAG - INFO - 加载模型: /Users/chan/projects/models/bert-base-chinese
2026-03-21 12:16:12,313 - /Users/chan/projects/Itcast_qa_system/rag_qa/core/query_classifier.py[line:149] - EduRAG - INFO - 开始训练 BERT 模型...
2026-03-21 12:16:35,450 - /Users/chan/projects/Itcast_qa_system/rag_qa/core/query_classifier.py[line:62] - EduRAG - INFO - 模型保存至: /Users/chan/projects/models/bert-base-chinese
2026-03-21 12:16:36,229 - /Users/chan/projects/Itcast_qa_system/rag_qa/core/query_classifier.py[line:181] - EduRAG - INFO - 分类报告:
2026-03-21 12:16:36,232 - /Users/chan/projects/Itcast_qa_system/rag_qa/core/query_classifier.py[line:182] - EduRAG - INFO -               precision    recall  f1-score   support

        通用知识       0.99      0.99      0.99        86
        专业咨询       0.99      0.99      0.99       105

    accuracy                           0.99       191
   macro avg       0.99      0.99      0.99       191
weighted avg       0.99      0.99      0.99       191

2026-03-21 12:16:36,232 - /Users/chan/projects/Itcast_qa_system/rag_qa/core/query_classifier.py[line:187] - EduRAG - INFO - 混淆矩阵:
2026-03-21 12:16:36,233 - /Users/chan/projects/Itcast_qa_system/rag_qa/core/query_classifier.py[line:188] - EduRAG - INFO - [[ 85   1]
 [  1 104]]
2026-03-21 14:47:37,266 - /Users/chan/projects/Itcast_qa_system/rag_qa/core/query_classifier.py[line:35] - EduRAG - INFO - 使用设备: mps
2026-03-21 14:47:37,973 - /Users/chan/projects/Itcast_qa_system/rag_qa/core/query_classifier.py[line:49] - EduRAG - INFO - 加载模型: /Users/chan/projects/models/bert-base-chinese
2026-03-21 14:47:38,044 - /Users/chan/projects/Itcast_qa_system/rag_qa/core/query_classifier.py[line:149] - EduRAG - INFO - 开始训练 BERT 模型...
2026-03-21 14:48:01,530 - /Users/chan/projects/Itcast_qa_system/rag_qa/core/query_classifier.py[line:62] - EduRAG - INFO - 模型保存至: /Users/chan/projects/models/bert-base-chinese
2026-03-21 14:48:02,254 - /Users/chan/projects/Itcast_qa_system/rag_qa/core/query_classifier.py[line:181] - EduRAG - INFO - 分类报告:
2026-03-21 14:48:02,259 - /Users/chan/projects/Itcast_qa_system/rag_qa/core/query_classifier.py[line:187] - EduRAG - INFO - 混淆矩阵:
2026-03-21 14:48:02,259 - /Users/chan/projects/Itcast_qa_system/rag_qa/core/query_classifier.py[line:188] - EduRAG - INFO - [[ 84   2]
 [  1 104]]
2026-03-21 16:47:47,466 - /Users/chan/projects/Itcast_qa_system/rag_qa/core/vector_store.py[line:53] - EduRAG - INFO - 使用设置：cpu
2026-03-21 16:47:52,922 - /Users/chan/projects/Itcast_qa_system/rag_qa/core/vector_store.py[line:115] - EduRAG - INFO - 已创建集合 edurag_0421
2026-03-21 16:47:52,984 - /Users/chan/projects/Itcast_qa_system/rag_qa/core/document_processor.py[line:101] - EduRAG - WARNING - 不支持的文件类型: /Users/chan/projects/Itcast_qa_system/rag_qa/data/ai_data/.DS_Store
2026-03-21 16:47:53,240 - /Users/chan/projects/Itcast_qa_system/rag_qa/core/document_processor.py[line:95] - EduRAG - INFO - 成功加载文件: /Users/chan/projects/Itcast_qa_system/rag_qa/data/ai_data/黑马教育课程咨询知识库.pdf
2026-03-21 16:47:53,325 - /Users/chan/projects/Itcast_qa_system/rag_qa/core/document_processor.py[line:95] - EduRAG - INFO - 成功加载文件: /Users/chan/projects/Itcast_qa_system/rag_qa/data/ai_data/人工智能就业课课程大纲.pdf
2026-03-21 16:47:56,093 - /Users/chan/projects/Itcast_qa_system/rag_qa/core/document_processor.py[line:95] - EduRAG - INFO - 成功加载文件: /Users/chan/projects/Itcast_qa_system/rag_qa/data/ai_data/人工智能就业课课程大纲.md
2026-03-21 16:47:56,093 - /Users/chan/projects/Itcast_qa_system/rag_qa/core/document_processor.py[line:113] - EduRAG - INFO - 加载的文档数量: 3
2026-03-21 16:47:56,093 - /Users/chan/projects/Itcast_qa_system/rag_qa/core/document_processor.py[line:138] - EduRAG - INFO - 处理文档: /Users/chan/projects/Itcast_qa_system/rag_qa/data/ai_data/黑马教育课程咨询知识库.pdf, 使用切分器: ChineseRecursive
2026-03-21 16:47:56,094 - /Users/chan/projects/Itcast_qa_system/rag_qa/core/document_processor.py[line:138] - EduRAG - INFO - 处理文档: /Users/chan/projects/Itcast_qa_system/rag_qa/data/ai_data/人工智能就业课课程大纲.pdf, 使用切分器: ChineseRecursive
2026-03-21 16:47:56,094 - /Users/chan/projects/Itcast_qa_system/rag_qa/core/document_processor.py[line:138] - EduRAG - INFO - 处理文档: /Users/chan/projects/Itcast_qa_system/rag_qa/data/ai_data/人工智能就业课课程大纲.md, 使用切分器: Markdown
2026-03-21 16:47:56,096 - /Users/chan/projects/Itcast_qa_system/rag_qa/core/document_processor.py[line:171] - EduRAG - INFO - 子块数量: 77
2026-03-21 16:48:05,987 - /Users/chan/projects/Itcast_qa_system/rag_qa/core/vector_store.py[line:194] - EduRAG - INFO - 已插入或更新 77 个文档
2026-03-21 16:48:56,596 - /Users/chan/projects/Itcast_qa_system/rag_qa/core/vector_store.py[line:53] - EduRAG - INFO - 使用设置：cpu
2026-03-21 16:48:58,504 - /Users/chan/projects/Itcast_qa_system/rag_qa/core/vector_store.py[line:119] - EduRAG - INFO - 已加载集合 edurag_0421
2026-03-21 17:46:54,575 - /Users/chan/projects/Itcast_qa_system/rag_qa/core/vector_store.py[line:53] - EduRAG - INFO - 使用设置：cpu
2026-03-21 17:46:56,577 - /Users/chan/projects/Itcast_qa_system/rag_qa/core/vector_store.py[line:119] - EduRAG - INFO - 已加载集合 edurag_0421
2026-03-21 17:46:56,583 - /Users/chan/projects/Itcast_qa_system/rag_qa/rag_main.py[line:99] - EduRAG - INFO - 进入交互式查询模式...
2026-03-21 17:46:56,606 - /Users/chan/projects/Itcast_qa_system/rag_qa/core/query_classifier.py[line:35] - EduRAG - INFO - 使用设备: mps
2026-03-21 17:46:57,211 - /Users/chan/projects/Itcast_qa_system/rag_qa/core/query_classifier.py[line:49] - EduRAG - INFO - 加载模型: /Users/chan/projects/Itcast_qa_system/rag_qa/core/bert_query_classifier
2026-03-21 17:47:21,308 - /Users/chan/projects/Itcast_qa_system/rag_qa/core/rag_system.py[line:137] - EduRAG - INFO - 开始处理查询: '你好', 学科过滤: None
2026-03-21 17:47:21,528 - /Users/chan/projects/Itcast_qa_system/rag_qa/core/rag_system.py[line:141] - EduRAG - INFO - 查询分类结果：通用知识 (查询: '你好')
2026-03-21 17:47:21,528 - /Users/chan/projects/Itcast_qa_system/rag_qa/core/rag_system.py[line:145] - EduRAG - INFO - 查询为通用知识，直接调用 LLM
2026-03-21 17:47:22,615 - /Users/chan/projects/Itcast_qa_system/rag_qa/core/rag_system.py[line:155] - EduRAG - INFO - 通用知识查询处理完成 (耗时: 1.31s, 查询: '你好')
2026-03-21 17:47:49,000 - /Users/chan/projects/Itcast_qa_system/rag_qa/core/rag_system.py[line:137] - EduRAG - INFO - 开始处理查询: '你是什么大模型', 学科过滤: None
2026-03-21 17:47:49,107 - /Users/chan/projects/Itcast_qa_system/rag_qa/core/rag_system.py[line:141] - EduRAG - INFO - 查询分类结果：通用知识 (查询: '你是什么大模型')
2026-03-21 17:47:49,108 - /Users/chan/projects/Itcast_qa_system/rag_qa/core/rag_system.py[line:145] - EduRAG - INFO - 查询为通用知识，直接调用 LLM
2026-03-21 17:47:51,518 - /Users/chan/projects/Itcast_qa_system/rag_qa/core/rag_system.py[line:155] - EduRAG - INFO - 通用知识查询处理完成 (耗时: 2.52s, 查询: '你是什么大模型')
2026-03-21 17:49:51,614 - /Users/chan/projects/Itcast_qa_system/rag_qa/core/rag_system.py[line:137] - EduRAG - INFO - 开始处理查询: 'windows如何安装docker', 学科过滤: None
2026-03-21 17:49:51,734 - /Users/chan/projects/Itcast_qa_system/rag_qa/core/rag_system.py[line:141] - EduRAG - INFO - 查询分类结果：通用知识 (查询: 'windows如何安装docker')
2026-03-21 17:49:51,734 - /Users/chan/projects/Itcast_qa_system/rag_qa/core/rag_system.py[line:145] - EduRAG - INFO - 查询为通用知识，直接调用 LLM
2026-03-21 17:50:11,887 - /Users/chan/projects/Itcast_qa_system/rag_qa/core/rag_system.py[line:155] - EduRAG - INFO - 通用知识查询处理完成 (耗时: 20.27s, 查询: 'windows如何安装docker')
2026-03-21 17:50:43,052 - /Users/chan/projects/Itcast_qa_system/rag_qa/core/rag_system.py[line:137] - EduRAG - INFO - 开始处理查询: 'Java课程的学费是多少', 学科过滤: None
2026-03-21 17:50:43,159 - /Users/chan/projects/Itcast_qa_system/rag_qa/core/rag_system.py[line:141] - EduRAG - INFO - 查询分类结果：专业咨询 (查询: 'Java课程的学费是多少')
2026-03-21 17:50:43,159 - /Users/chan/projects/Itcast_qa_system/rag_qa/core/rag_system.py[line:161] - EduRAG - INFO - 查询为专业咨询，执行 RAG 流程
2026-03-21 17:50:44,008 - /Users/chan/projects/Itcast_qa_system/rag_qa/core/strategy_selector.py[line:82] - EduRAG - INFO - 为查询 'Java课程的学费是多少' 选择的检索策略：直接检索
2026-03-21 17:50:44,008 - /Users/chan/projects/Itcast_qa_system/rag_qa/core/rag_system.py[line:123] - EduRAG - INFO - 使用直接检索策略 (查询: 'Java课程的学费是多少')
2026-03-21 17:50:44,446 - /Users/chan/projects/Itcast_qa_system/rag_qa/core/rag_system.py[line:128] - EduRAG - INFO - 策略 '直接检索' 检索到 1 个候选文档 (可能已是父文档)
2026-03-21 17:50:44,447 - /Users/chan/projects/Itcast_qa_system/rag_qa/core/rag_system.py[line:130] - EduRAG - INFO - 最终选取 1 个文档作为上下文
2026-03-21 17:50:44,447 - /Users/chan/projects/Itcast_qa_system/rag_qa/core/rag_system.py[line:173] - EduRAG - INFO - 构建上下文完成，包含 1 个文档块
2026-03-21 17:51:06,272 - /Users/chan/projects/Itcast_qa_system/rag_qa/core/rag_system.py[line:193] - EduRAG - INFO - 查询处理完成 (耗时: 23.22s, 查询: 'Java课程的学费是多少')
2026-03-21 17:52:40,169 - /Users/chan/projects/Itcast_qa_system/rag_qa/rag_main.py[line:126] - EduRAG - WARNING - 无效的学科类别 'Java课程适合哪些人群'，将不过滤
2026-03-21 17:52:40,170 - /Users/chan/projects/Itcast_qa_system/rag_qa/core/rag_system.py[line:137] - EduRAG - INFO - 开始处理查询: '', 学科过滤: None
2026-03-21 17:52:40,446 - /Users/chan/projects/Itcast_qa_system/rag_qa/core/rag_system.py[line:141] - EduRAG - INFO - 查询分类结果：专业咨询 (查询: '')
2026-03-21 17:52:40,446 - /Users/chan/projects/Itcast_qa_system/rag_qa/core/rag_system.py[line:161] - EduRAG - INFO - 查询为专业咨询，执行 RAG 流程
2026-03-21 17:52:41,159 - /Users/chan/projects/Itcast_qa_system/rag_qa/core/strategy_selector.py[line:82] - EduRAG - INFO - 为查询 '' 选择的检索策略：直接检索
2026-03-21 17:52:41,159 - /Users/chan/projects/Itcast_qa_system/rag_qa/core/rag_system.py[line:123] - EduRAG - INFO - 使用直接检索策略 (查询: '')
2026-03-21 17:52:42,093 - /Users/chan/projects/Itcast_qa_system/rag_qa/rag_main.py[line:139] - EduRAG - ERROR - 处理查询 '' 时失败: <MilvusException: (code=65535, message=fail to search on QueryNode 27: worker(27) query failed: Assert "size > 0" at /go/src/github.com/milvus-io/milvus/internal/core/src/common/Utils.h:227
 => Sparse row data should not be empty)>
2026-03-21 17:53:09,085 - /Users/chan/projects/Itcast_qa_system/rag_qa/core/rag_system.py[line:137] - EduRAG - INFO - 开始处理查询: 'Java课程适合哪些人群', 学科过滤: None
2026-03-21 17:53:09,156 - /Users/chan/projects/Itcast_qa_system/rag_qa/core/rag_system.py[line:141] - EduRAG - INFO - 查询分类结果：专业咨询 (查询: 'Java课程适合哪些人群')
2026-03-21 17:53:09,156 - /Users/chan/projects/Itcast_qa_system/rag_qa/core/rag_system.py[line:161] - EduRAG - INFO - 查询为专业咨询，执行 RAG 流程
2026-03-21 17:53:09,994 - /Users/chan/projects/Itcast_qa_system/rag_qa/core/strategy_selector.py[line:82] - EduRAG - INFO - 为查询 'Java课程适合哪些人群' 选择的检索策略：假设问题检索
2026-03-21 17:53:09,994 - /Users/chan/projects/Itcast_qa_system/rag_qa/core/rag_system.py[line:33] - EduRAG - INFO - 使用 HyDE 策略进行检索 (查询: 'Java课程适合哪些人群')
2026-03-21 17:53:17,707 - /Users/chan/projects/Itcast_qa_system/rag_qa/core/rag_system.py[line:39] - EduRAG - INFO - HyDE 生成的假设答案: 'Java课程适合对编程感兴趣、希望进入软件开发领域的初学者，以及有一定编程基础但想进一步提升技能的开发者。此外，对于想要转行到IT行业的人士，或是正在寻找新的职业发展机会的技术人员也非常合适。在校学生如果对计算机科学有兴趣，也可以通过学习Java为将来的职业生涯打下坚实的基础。总之，无论是零基础的小白还是有经验的程序员，只要对Java技术及其应用领域（如Web开发、安卓应用开发等）感兴趣，都可以从中受益。'
2026-03-21 17:53:18,077 - /Users/chan/projects/Itcast_qa_system/rag_qa/core/rag_system.py[line:128] - EduRAG - INFO - 策略 '假设问题检索' 检索到 1 个候选文档 (可能已是父文档)
2026-03-21 17:53:18,077 - /Users/chan/projects/Itcast_qa_system/rag_qa/core/rag_system.py[line:130] - EduRAG - INFO - 最终选取 1 个文档作为上下文
2026-03-21 17:53:18,077 - /Users/chan/projects/Itcast_qa_system/rag_qa/core/rag_system.py[line:173] - EduRAG - INFO - 构建上下文完成，包含 1 个文档块
2026-03-21 17:53:22,881 - /Users/chan/projects/Itcast_qa_system/rag_qa/core/rag_system.py[line:193] - EduRAG - INFO - 查询处理完成 (耗时: 13.80s, 查询: 'Java课程适合哪些人群')
2026-03-21 17:55:31,127 - /Users/chan/projects/Itcast_qa_system/rag_qa/core/rag_system.py[line:137] - EduRAG - INFO - 开始处理查询: 'AI大模型的课程大纲是什么', 学科过滤: None
2026-03-21 17:55:31,379 - /Users/chan/projects/Itcast_qa_system/rag_qa/core/rag_system.py[line:141] - EduRAG - INFO - 查询分类结果：专业咨询 (查询: 'AI大模型的课程大纲是什么')
2026-03-21 17:55:31,379 - /Users/chan/projects/Itcast_qa_system/rag_qa/core/rag_system.py[line:161] - EduRAG - INFO - 查询为专业咨询，执行 RAG 流程
2026-03-21 17:55:32,089 - /Users/chan/projects/Itcast_qa_system/rag_qa/core/strategy_selector.py[line:82] - EduRAG - INFO - 为查询 'AI大模型的课程大纲是什么' 选择的检索策略：直接检索
2026-03-21 17:55:32,089 - /Users/chan/projects/Itcast_qa_system/rag_qa/core/rag_system.py[line:123] - EduRAG - INFO - 使用直接检索策略 (查询: 'AI大模型的课程大纲是什么')
2026-03-21 17:55:32,387 - /Users/chan/projects/Itcast_qa_system/rag_qa/core/rag_system.py[line:128] - EduRAG - INFO - 策略 '直接检索' 检索到 1 个候选文档 (可能已是父文档)
2026-03-21 17:55:32,388 - /Users/chan/projects/Itcast_qa_system/rag_qa/core/rag_system.py[line:130] - EduRAG - INFO - 最终选取 1 个文档作为上下文
2026-03-21 17:55:32,388 - /Users/chan/projects/Itcast_qa_system/rag_qa/core/rag_system.py[line:173] - EduRAG - INFO - 构建上下文完成，包含 1 个文档块
2026-03-21 17:55:52,514 - /Users/chan/projects/Itcast_qa_system/rag_qa/core/rag_system.py[line:193] - EduRAG - INFO - 查询处理完成 (耗时: 21.39s, 查询: 'AI大模型的课程大纲是什么')
2026-03-21 17:57:12,560 - /Users/chan/projects/Itcast_qa_system/rag_qa/core/rag_system.py[line:137] - EduRAG - INFO - 开始处理查询: '问一下AI大模型和JAVA，测试的学科学费分别是多少', 学科过滤: None
2026-03-21 17:57:12,651 - /Users/chan/projects/Itcast_qa_system/rag_qa/core/rag_system.py[line:141] - EduRAG - INFO - 查询分类结果：专业咨询 (查询: '问一下AI大模型和JAVA，测试的学科学费分别是多少')
2026-03-21 17:57:12,651 - /Users/chan/projects/Itcast_qa_system/rag_qa/core/rag_system.py[line:161] - EduRAG - INFO - 查询为专业咨询，执行 RAG 流程
2026-03-21 17:57:13,365 - /Users/chan/projects/Itcast_qa_system/rag_qa/core/strategy_selector.py[line:82] - EduRAG - INFO - 为查询 '问一下AI大模型和JAVA，测试的学科学费分别是多少' 选择的检索策略：直接检索
2026-03-21 17:57:13,366 - /Users/chan/projects/Itcast_qa_system/rag_qa/core/rag_system.py[line:123] - EduRAG - INFO - 使用直接检索策略 (查询: '问一下AI大模型和JAVA，测试的学科学费分别是多少')
2026-03-21 17:57:13,616 - /Users/chan/projects/Itcast_qa_system/rag_qa/core/rag_system.py[line:128] - EduRAG - INFO - 策略 '直接检索' 检索到 1 个候选文档 (可能已是父文档)
2026-03-21 17:57:13,616 - /Users/chan/projects/Itcast_qa_system/rag_qa/core/rag_system.py[line:130] - EduRAG - INFO - 最终选取 1 个文档作为上下文
2026-03-21 17:57:13,616 - /Users/chan/projects/Itcast_qa_system/rag_qa/core/rag_system.py[line:173] - EduRAG - INFO - 构建上下文完成，包含 1 个文档块
2026-03-21 17:57:24,860 - /Users/chan/projects/Itcast_qa_system/rag_qa/core/rag_system.py[line:193] - EduRAG - INFO - 查询处理完成 (耗时: 12.30s, 查询: '问一下AI大模型和JAVA，测试的学科学费分别是多少')
2026-03-21 17:58:14,332 - /Users/chan/projects/Itcast_qa_system/rag_qa/core/vector_store.py[line:53] - EduRAG - INFO - 使用设置：cpu
2026-03-21 17:58:15,951 - /Users/chan/projects/Itcast_qa_system/rag_qa/core/vector_store.py[line:119] - EduRAG - INFO - 已加载集合 edurag_0421
2026-03-21 17:58:15,959 - /Users/chan/projects/Itcast_qa_system/rag_qa/rag_main.py[line:99] - EduRAG - INFO - 进入交互式查询模式...
2026-03-21 17:58:15,981 - /Users/chan/projects/Itcast_qa_system/rag_qa/core/query_classifier.py[line:35] - EduRAG - INFO - 使用设备: mps
2026-03-21 17:58:16,465 - /Users/chan/projects/Itcast_qa_system/rag_qa/core/query_classifier.py[line:49] - EduRAG - INFO - 加载模型: /Users/chan/projects/Itcast_qa_system/rag_qa/core/bert_query_classifier
2026-03-21 17:58:46,281 - /Users/chan/projects/Itcast_qa_system/rag_qa/core/rag_system.py[line:137] - EduRAG - INFO - 开始处理查询: '问一下AI大模型和JAVA还有嵌入式的学费分别是多少', 学科过滤: None
2026-03-21 17:58:46,445 - /Users/chan/projects/Itcast_qa_system/rag_qa/core/rag_system.py[line:141] - EduRAG - INFO - 查询分类结果：专业咨询 (查询: '问一下AI大模型和JAVA还有嵌入式的学费分别是多少')
2026-03-21 17:58:46,445 - /Users/chan/projects/Itcast_qa_system/rag_qa/core/rag_system.py[line:161] - EduRAG - INFO - 查询为专业咨询，执行 RAG 流程
2026-03-21 17:58:48,175 - /Users/chan/projects/Itcast_qa_system/rag_qa/core/strategy_selector.py[line:82] - EduRAG - INFO - 为查询 '问一下AI大模型和JAVA还有嵌入式的学费分别是多少' 选择的检索策略：子查询检索
2026-03-21 17:58:48,175 - /Users/chan/projects/Itcast_qa_system/rag_qa/core/rag_system.py[line:51] - EduRAG - INFO - 使用子查询策略进行检索 (查询: '问一下AI大模型和JAVA还有嵌入式的学费分别是多少')
2026-03-21 17:58:50,324 - /Users/chan/projects/Itcast_qa_system/rag_qa/core/rag_system.py[line:58] - EduRAG - INFO - 生成的子查询: ['AI大模型的学费是多少？', 'JAVA的学费是多少？', '嵌入式的学费是多少？']
2026-03-21 17:58:53,547 - /Users/chan/projects/Itcast_qa_system/rag_qa/core/rag_system.py[line:73] - EduRAG - INFO - 子查询 'AI大模型的学费是多少？' 检索到 2 个文档
2026-03-21 17:58:53,757 - /Users/chan/projects/Itcast_qa_system/rag_qa/core/rag_system.py[line:73] - EduRAG - INFO - 子查询 'JAVA的学费是多少？' 检索到 1 个文档
2026-03-21 17:58:53,964 - /Users/chan/projects/Itcast_qa_system/rag_qa/core/rag_system.py[line:73] - EduRAG - INFO - 子查询 '嵌入式的学费是多少？' 检索到 1 个文档
2026-03-21 17:58:53,964 - /Users/chan/projects/Itcast_qa_system/rag_qa/core/rag_system.py[line:80] - EduRAG - INFO - 所有子查询共检索到 4 个文档, 去重后剩 2 个
2026-03-21 17:58:53,964 - /Users/chan/projects/Itcast_qa_system/rag_qa/core/rag_system.py[line:128] - EduRAG - INFO - 策略 '子查询检索' 检索到 2 个候选文档 (可能已是父文档)
2026-03-21 17:58:53,964 - /Users/chan/projects/Itcast_qa_system/rag_qa/core/rag_system.py[line:130] - EduRAG - INFO - 最终选取 2 个文档作为上下文
2026-03-21 17:58:53,964 - /Users/chan/projects/Itcast_qa_system/rag_qa/core/rag_system.py[line:173] - EduRAG - INFO - 构建上下文完成，包含 2 个文档块
2026-03-21 17:58:58,153 - /Users/chan/projects/Itcast_qa_system/rag_qa/core/rag_system.py[line:193] - EduRAG - INFO - 查询处理完成 (耗时: 11.87s, 查询: '问一下AI大模型和JAVA还有嵌入式的学费分别是多少')
2026-03-23 18:02:35,104 - /Users/chan/projects/Itcast_qa_system/mysql_qa/db/mysql_client.py[line:24] - EduRAG - INFO - MySQL 连接成功
2026-03-23 18:02:35,113 - /Users/chan/projects/Itcast_qa_system/mysql_qa/retrieval/bm25_search.py[line:55] - EduRAG - INFO - BM25 模型初始化完成
2026-03-23 18:02:35,165 - /Users/chan/projects/Itcast_qa_system/rag_qa/core/vector_store.py[line:53] - EduRAG - INFO - 使用设置：cpu
2026-03-23 18:02:37,234 - /Users/chan/projects/Itcast_qa_system/rag_qa/core/vector_store.py[line:119] - EduRAG - INFO - 已加载集合 edurag_0421
2026-03-23 18:02:37,271 - /Users/chan/projects/Itcast_qa_system/rag_qa/core/query_classifier.py[line:35] - EduRAG - INFO - 使用设备: mps
2026-03-23 18:02:37,962 - /Users/chan/projects/Itcast_qa_system/rag_qa/core/query_classifier.py[line:49] - EduRAG - INFO - 加载模型: /Users/chan/projects/Itcast_qa_system/rag_qa/core/bert_query_classifier
2026-03-23 18:02:57,818 - /Users/chan/projects/Itcast_qa_system/old_main.py[line:60] - EduRAG - INFO - 处理查询: 'JAVA课程的学费是多少'
2026-03-23 18:02:57,824 - /Users/chan/projects/Itcast_qa_system/mysql_qa/utils/preprocess.py[line:10] - EduRAG - INFO - 开始预处理文本
2026-03-23 18:02:58,070 - /Users/chan/projects/Itcast_qa_system/mysql_qa/retrieval/bm25_search.py[line:86] - EduRAG - INFO - 搜索最高分 [0.432] 结果: 解锁后面的课程
如何解锁后面的课程
解锁后面的学科
2026-03-23 18:02:58,070 - /Users/chan/projects/Itcast_qa_system/mysql_qa/retrieval/bm25_search.py[line:101] - EduRAG - INFO - 未找到可靠答案，最高 Softmax 相似度: 0.432
2026-03-23 18:02:58,070 - /Users/chan/projects/Itcast_qa_system/old_main.py[line:74] - EduRAG - INFO - 无可靠 MySQL 答案，回退到 RAG
2026-03-23 18:02:58,070 - /Users/chan/projects/Itcast_qa_system/old_main.py[line:78] - EduRAG - INFO - RAG 答案: <generator object RAGSystem.generate_answer at 0x169824ba0>
2026-03-23 18:02:58,070 - /Users/chan/projects/Itcast_qa_system/old_main.py[line:82] - EduRAG - INFO - 查询处理耗时 0.25秒
2026-03-23 18:02:58,070 - /Users/chan/projects/Itcast_qa_system/rag_qa/core/new_rag_system.py[line:205] - EduRAG - INFO - 开始处理查询: 'JAVA课程的学费是多少', 学科过滤: 
2026-03-23 18:02:58,277 - /Users/chan/projects/Itcast_qa_system/rag_qa/core/new_rag_system.py[line:229] - EduRAG - INFO - 查询分类结果: 专业咨询 (查询: 'JAVA课程的学费是多少')
2026-03-23 18:02:58,277 - /Users/chan/projects/Itcast_qa_system/rag_qa/core/new_rag_system.py[line:237] - EduRAG - INFO - 查询为专业咨询，执行 RAG 流程
2026-03-23 18:03:02,227 - /Users/chan/projects/Itcast_qa_system/rag_qa/core/strategy_selector.py[line:82] - EduRAG - INFO - 为查询 'JAVA课程的学费是多少' 选择的检索策略：直接检索
2026-03-23 18:03:02,227 - /Users/chan/projects/Itcast_qa_system/rag_qa/core/new_rag_system.py[line:126] - EduRAG - INFO - 使用直接检索策略 (查询: 'JAVA课程的学费是多少')
2026-03-23 18:03:02,667 - /Users/chan/projects/Itcast_qa_system/rag_qa/core/new_rag_system.py[line:131] - EduRAG - INFO - 策略 '直接检索' 检索到 1 个候选文档 (可能已是父文档)
2026-03-23 18:03:02,667 - /Users/chan/projects/Itcast_qa_system/rag_qa/core/new_rag_system.py[line:133] - EduRAG - INFO - 最终选取 1 个文档作为上下文
2026-03-23 18:03:02,667 - /Users/chan/projects/Itcast_qa_system/rag_qa/core/new_rag_system.py[line:244] - EduRAG - INFO - 构建上下文完成，包含 1 个文档块
2026-03-23 18:03:02,667 - /Users/chan/projects/Itcast_qa_system/rag_qa/core/new_rag_system.py[line:262] - EduRAG - INFO - 检索时间 (耗时: 4.60s, 查询: 'JAVA课程的学费是多少')
2026-03-23 18:03:06,816 - /Users/chan/projects/Itcast_qa_system/rag_qa/core/new_rag_system.py[line:273] - EduRAG - INFO - LLM查询处理完成 (耗时: 4.15s, 查询: 'JAVA课程的学费是多少')
2026-03-23 18:03:26,785 - /Users/chan/projects/Itcast_qa_system/old_main.py[line:60] - EduRAG - INFO - 处理查询: '我问了几个问题了'
2026-03-23 18:03:26,798 - /Users/chan/projects/Itcast_qa_system/mysql_qa/utils/preprocess.py[line:10] - EduRAG - INFO - 开始预处理文本
2026-03-23 18:03:26,804 - /Users/chan/projects/Itcast_qa_system/mysql_qa/retrieval/bm25_search.py[line:86] - EduRAG - INFO - 搜索最高分 [0.876] 结果: pycharm不能用了
ide激活码过期了
pycharm过期了
#无法使用了
#提示到期没法使用了
老师我ubuntu里的pycharm到期了，怎么破解呀
2026-03-23 18:03:26,827 - /Users/chan/projects/Itcast_qa_system/mysql_qa/retrieval/bm25_search.py[line:97] - EduRAG - INFO - 搜索成功，Softmax 相似度: 0.876
2026-03-23 18:03:26,827 - /Users/chan/projects/Itcast_qa_system/old_main.py[line:65] - EduRAG - INFO - MySQL 答案: 请同学可以参考下面的链接：https://www.shuopython.com/archives/2339  或者自行百度查找
2026-03-23 18:03:26,827 - /Users/chan/projects/Itcast_qa_system/old_main.py[line:69] - EduRAG - INFO - 查询处理耗时 0.04秒
2026-03-23 18:04:29,233 - /Users/chan/projects/Itcast_qa_system/mysql_qa/db/mysql_client.py[line:115] - EduRAG - INFO - MySQL 连接已关闭
2026-03-23 18:09:06,276 - /Users/chan/projects/Itcast_qa_system/mysql_qa/db/mysql_client.py[line:24] - EduRAG - INFO - MySQL 连接成功
2026-03-23 18:09:06,282 - /Users/chan/projects/Itcast_qa_system/mysql_qa/retrieval/bm25_search.py[line:55] - EduRAG - INFO - BM25 模型初始化完成
2026-03-23 18:09:06,330 - /Users/chan/projects/Itcast_qa_system/rag_qa/core/vector_store.py[line:53] - EduRAG - INFO - 使用设置：cpu
2026-03-23 18:09:08,226 - /Users/chan/projects/Itcast_qa_system/rag_qa/core/vector_store.py[line:119] - EduRAG - INFO - 已加载集合 edurag_0421
2026-03-23 18:09:08,257 - /Users/chan/projects/Itcast_qa_system/rag_qa/core/query_classifier.py[line:35] - EduRAG - INFO - 使用设备: mps
2026-03-23 18:09:08,964 - /Users/chan/projects/Itcast_qa_system/rag_qa/core/query_classifier.py[line:49] - EduRAG - INFO - 加载模型: /Users/chan/projects/Itcast_qa_system/rag_qa/core/bert_query_classifier
2026-03-23 18:09:09,044 - /Users/chan/projects/Itcast_qa_system/new_main.py[line:57] - EduRAG - INFO - 对话历史表初始化成功
2026-03-23 18:09:27,609 - /Users/chan/projects/Itcast_qa_system/new_main.py[line:161] - EduRAG - INFO - 处理查询: 'AI大模型的课程大纲有哪些？' (会话ID: d1dd037d-333b-4938-b7b7-c6d54854fcfa)
2026-03-23 18:09:27,627 - /Users/chan/projects/Itcast_qa_system/mysql_qa/utils/preprocess.py[line:10] - EduRAG - INFO - 开始预处理文本
2026-03-23 18:09:27,874 - /Users/chan/projects/Itcast_qa_system/mysql_qa/retrieval/bm25_search.py[line:86] - EduRAG - INFO - 搜索最高分 [0.606] 结果: python3 内建函数有哪些
2026-03-23 18:09:27,874 - /Users/chan/projects/Itcast_qa_system/mysql_qa/retrieval/bm25_search.py[line:101] - EduRAG - INFO - 未找到可靠答案，最高 Softmax 相似度: 0.606
2026-03-23 18:09:27,874 - /Users/chan/projects/Itcast_qa_system/new_main.py[line:178] - EduRAG - INFO - 无可靠MySQL答案，回退到RAG
2026-03-23 18:09:27,874 - /Users/chan/projects/Itcast_qa_system/rag_qa/core/new_rag_system.py[line:205] - EduRAG - INFO - 开始处理查询: 'AI大模型的课程大纲有哪些？', 学科过滤: 
2026-03-23 18:09:28,036 - /Users/chan/projects/Itcast_qa_system/rag_qa/core/new_rag_system.py[line:229] - EduRAG - INFO - 查询分类结果: 专业咨询 (查询: 'AI大模型的课程大纲有哪些？')
2026-03-23 18:09:28,036 - /Users/chan/projects/Itcast_qa_system/rag_qa/core/new_rag_system.py[line:237] - EduRAG - INFO - 查询为专业咨询，执行 RAG 流程
2026-03-23 18:09:29,322 - /Users/chan/projects/Itcast_qa_system/rag_qa/core/strategy_selector.py[line:82] - EduRAG - INFO - 为查询 'AI大模型的课程大纲有哪些？' 选择的检索策略：直接检索
2026-03-23 18:09:29,322 - /Users/chan/projects/Itcast_qa_system/rag_qa/core/new_rag_system.py[line:126] - EduRAG - INFO - 使用直接检索策略 (查询: 'AI大模型的课程大纲有哪些？')
2026-03-23 18:09:33,188 - /Users/chan/projects/Itcast_qa_system/rag_qa/core/new_rag_system.py[line:131] - EduRAG - INFO - 策略 '直接检索' 检索到 2 个候选文档 (可能已是父文档)
2026-03-23 18:09:33,188 - /Users/chan/projects/Itcast_qa_system/rag_qa/core/new_rag_system.py[line:133] - EduRAG - INFO - 最终选取 2 个文档作为上下文
2026-03-23 18:09:33,188 - /Users/chan/projects/Itcast_qa_system/rag_qa/core/new_rag_system.py[line:244] - EduRAG - INFO - 构建上下文完成，包含 2 个文档块
2026-03-23 18:09:33,188 - /Users/chan/projects/Itcast_qa_system/rag_qa/core/new_rag_system.py[line:262] - EduRAG - INFO - 检索时间 (耗时: 5.31s, 查询: 'AI大模型的课程大纲有哪些？')
2026-03-23 18:09:41,203 - /Users/chan/projects/Itcast_qa_system/rag_qa/core/new_rag_system.py[line:273] - EduRAG - INFO - LLM查询处理完成 (耗时: 8.01s, 查询: 'AI大模型的课程大纲有哪些？')
2026-03-23 18:09:41,222 - /Users/chan/projects/Itcast_qa_system/new_main.py[line:127] - EduRAG - INFO - 会话 d1dd037d-333b-4938-b7b7-c6d54854fcfa 历史更新成功
2026-03-23 18:09:41,223 - /Users/chan/projects/Itcast_qa_system/new_main.py[line:193] - EduRAG - INFO - 查询处理耗时 13.61秒
2026-03-23 18:09:57,287 - /Users/chan/projects/Itcast_qa_system/new_main.py[line:161] - EduRAG - INFO - 处理查询: '你好' (会话ID: d1dd037d-333b-4938-b7b7-c6d54854fcfa)
2026-03-23 18:09:57,294 - /Users/chan/projects/Itcast_qa_system/mysql_qa/utils/preprocess.py[line:10] - EduRAG - INFO - 开始预处理文本
2026-03-23 18:09:57,295 - /Users/chan/projects/Itcast_qa_system/mysql_qa/retrieval/bm25_search.py[line:86] - EduRAG - INFO - 搜索最高分 [0.126] 结果: 思维导图安装
你好我想在电脑里面安装思维导图系统
2026-03-23 18:09:57,295 - /Users/chan/projects/Itcast_qa_system/mysql_qa/retrieval/bm25_search.py[line:101] - EduRAG - INFO - 未找到可靠答案，最高 Softmax 相似度: 0.126
2026-03-23 18:09:57,296 - /Users/chan/projects/Itcast_qa_system/new_main.py[line:178] - EduRAG - INFO - 无可靠MySQL答案，回退到RAG
2026-03-23 18:09:57,296 - /Users/chan/projects/Itcast_qa_system/rag_qa/core/new_rag_system.py[line:205] - EduRAG - INFO - 开始处理查询: '你好', 学科过滤: 
2026-03-23 18:09:57,296 - /Users/chan/projects/Itcast_qa_system/rag_qa/core/new_rag_system.py[line:225] - EduRAG - INFO - 使用对话历史: Q: AI大模型的课程大纲有哪些？
A: 根据提供的文档，**AI大模型开发课程**的课程大纲（即课程内容）分为五个阶段，具体如下：

---

### **第一阶段：基础能力**
- Python高...
2026-03-23 18:09:57,447 - /Users/chan/projects/Itcast_qa_system/rag_qa/core/new_rag_system.py[line:229] - EduRAG - INFO - 查询分类结果: 通用知识 (查询: '你好')
2026-03-23 18:09:57,447 - /Users/chan/projects/Itcast_qa_system/rag_qa/core/new_rag_system.py[line:234] - EduRAG - INFO - 查询为通用知识，直接调用 LLM
2026-03-23 18:09:57,447 - /Users/chan/projects/Itcast_qa_system/rag_qa/core/new_rag_system.py[line:262] - EduRAG - INFO - 检索时间 (耗时: 0.15s, 查询: '你好')
2026-03-23 18:09:58,295 - /Users/chan/projects/Itcast_qa_system/rag_qa/core/new_rag_system.py[line:273] - EduRAG - INFO - LLM查询处理完成 (耗时: 0.85s, 查询: '你好')
2026-03-23 18:09:58,304 - /Users/chan/projects/Itcast_qa_system/new_main.py[line:127] - EduRAG - INFO - 会话 d1dd037d-333b-4938-b7b7-c6d54854fcfa 历史更新成功
2026-03-23 18:09:58,304 - /Users/chan/projects/Itcast_qa_system/new_main.py[line:193] - EduRAG - INFO - 查询处理耗时 1.02秒
2026-03-23 18:10:14,124 - /Users/chan/projects/Itcast_qa_system/new_main.py[line:161] - EduRAG - INFO - 处理查询: 'Java课程的学费是多少' (会话ID: d1dd037d-333b-4938-b7b7-c6d54854fcfa)
2026-03-23 18:10:14,131 - /Users/chan/projects/Itcast_qa_system/mysql_qa/utils/preprocess.py[line:10] - EduRAG - INFO - 开始预处理文本
2026-03-23 18:10:14,133 - /Users/chan/projects/Itcast_qa_system/mysql_qa/retrieval/bm25_search.py[line:86] - EduRAG - INFO - 搜索最高分 [0.432] 结果: 解锁后面的课程
如何解锁后面的课程
解锁后面的学科
2026-03-23 18:10:14,134 - /Users/chan/projects/Itcast_qa_system/mysql_qa/retrieval/bm25_search.py[line:101] - EduRAG - INFO - 未找到可靠答案，最高 Softmax 相似度: 0.432
2026-03-23 18:10:14,134 - /Users/chan/projects/Itcast_qa_system/new_main.py[line:178] - EduRAG - INFO - 无可靠MySQL答案，回退到RAG
2026-03-23 18:10:14,134 - /Users/chan/projects/Itcast_qa_system/rag_qa/core/new_rag_system.py[line:205] - EduRAG - INFO - 开始处理查询: 'Java课程的学费是多少', 学科过滤: 
2026-03-23 18:10:14,134 - /Users/chan/projects/Itcast_qa_system/rag_qa/core/new_rag_system.py[line:225] - EduRAG - INFO - 使用对话历史: Q: AI大模型的课程大纲有哪些？
A: 根据提供的文档，**AI大模型开发课程**的课程大纲（即课程内容）分为五个阶段，具体如下：

---

### **第一阶段：基础能力**
- Python高...
2026-03-23 18:10:14,242 - /Users/chan/projects/Itcast_qa_system/rag_qa/core/new_rag_system.py[line:229] - EduRAG - INFO - 查询分类结果: 专业咨询 (查询: 'Java课程的学费是多少')
2026-03-23 18:10:14,242 - /Users/chan/projects/Itcast_qa_system/rag_qa/core/new_rag_system.py[line:237] - EduRAG - INFO - 查询为专业咨询，执行 RAG 流程
2026-03-23 18:10:15,569 - /Users/chan/projects/Itcast_qa_system/rag_qa/core/strategy_selector.py[line:82] - EduRAG - INFO - 为查询 'Java课程的学费是多少' 选择的检索策略：直接检索
2026-03-23 18:10:15,570 - /Users/chan/projects/Itcast_qa_system/rag_qa/core/new_rag_system.py[line:126] - EduRAG - INFO - 使用直接检索策略 (查询: 'Java课程的学费是多少')
2026-03-23 18:10:15,863 - /Users/chan/projects/Itcast_qa_system/rag_qa/core/new_rag_system.py[line:131] - EduRAG - INFO - 策略 '直接检索' 检索到 1 个候选文档 (可能已是父文档)
2026-03-23 18:10:15,863 - /Users/chan/projects/Itcast_qa_system/rag_qa/core/new_rag_system.py[line:133] - EduRAG - INFO - 最终选取 1 个文档作为上下文
2026-03-23 18:10:15,863 - /Users/chan/projects/Itcast_qa_system/rag_qa/core/new_rag_system.py[line:244] - EduRAG - INFO - 构建上下文完成，包含 1 个文档块
2026-03-23 18:10:15,863 - /Users/chan/projects/Itcast_qa_system/rag_qa/core/new_rag_system.py[line:262] - EduRAG - INFO - 检索时间 (耗时: 1.73s, 查询: 'Java课程的学费是多少')
2026-03-23 18:10:18,046 - /Users/chan/projects/Itcast_qa_system/rag_qa/core/new_rag_system.py[line:273] - EduRAG - INFO - LLM查询处理完成 (耗时: 2.18s, 查询: 'Java课程的学费是多少')
2026-03-23 18:10:18,057 - /Users/chan/projects/Itcast_qa_system/new_main.py[line:127] - EduRAG - INFO - 会话 d1dd037d-333b-4938-b7b7-c6d54854fcfa 历史更新成功
2026-03-23 18:10:18,057 - /Users/chan/projects/Itcast_qa_system/new_main.py[line:193] - EduRAG - INFO - 查询处理耗时 3.93秒
2026-03-23 18:11:05,399 - /Users/chan/projects/Itcast_qa_system/new_main.py[line:161] - EduRAG - INFO - 处理查询: '我当前已经问了几个问题了' (会话ID: d1dd037d-333b-4938-b7b7-c6d54854fcfa)
2026-03-23 18:11:05,406 - /Users/chan/projects/Itcast_qa_system/mysql_qa/utils/preprocess.py[line:10] - EduRAG - INFO - 开始预处理文本
2026-03-23 18:11:05,408 - /Users/chan/projects/Itcast_qa_system/mysql_qa/retrieval/bm25_search.py[line:86] - EduRAG - INFO - 搜索最高分 [0.955] 结果: 已经commit了还能rollback吗
2026-03-23 18:11:05,412 - /Users/chan/projects/Itcast_qa_system/mysql_qa/retrieval/bm25_search.py[line:97] - EduRAG - INFO - 搜索成功，Softmax 相似度: 0.955
2026-03-23 18:11:05,412 - /Users/chan/projects/Itcast_qa_system/new_main.py[line:169] - EduRAG - INFO - MySQL答案: commit是提交事务，rollback是当事务出现错误的时候才会回滚，也就是数据撤回

所以commit完成后，无法通过rollback回滚
2026-03-23 18:11:05,419 - /Users/chan/projects/Itcast_qa_system/new_main.py[line:127] - EduRAG - INFO - 会话 d1dd037d-333b-4938-b7b7-c6d54854fcfa 历史更新成功
2026-03-23 18:11:05,419 - /Users/chan/projects/Itcast_qa_system/new_main.py[line:173] - EduRAG - INFO - 查询处理耗时 0.02秒
2026-03-23 18:13:11,684 - /Users/chan/projects/Itcast_qa_system/new_main.py[line:161] - EduRAG - INFO - 处理查询: '我刚才问了几个问题了' (会话ID: d1dd037d-333b-4938-b7b7-c6d54854fcfa)
2026-03-23 18:13:11,692 - /Users/chan/projects/Itcast_qa_system/mysql_qa/utils/preprocess.py[line:10] - EduRAG - INFO - 开始预处理文本
2026-03-23 18:13:11,694 - /Users/chan/projects/Itcast_qa_system/mysql_qa/retrieval/bm25_search.py[line:86] - EduRAG - INFO - 搜索最高分 [0.876] 结果: pycharm不能用了
ide激活码过期了
pycharm过期了
#无法使用了
#提示到期没法使用了
老师我ubuntu里的pycharm到期了，怎么破解呀
2026-03-23 18:13:11,697 - /Users/chan/projects/Itcast_qa_system/mysql_qa/retrieval/bm25_search.py[line:97] - EduRAG - INFO - 搜索成功，Softmax 相似度: 0.876
2026-03-23 18:13:11,697 - /Users/chan/projects/Itcast_qa_system/new_main.py[line:169] - EduRAG - INFO - MySQL答案: 请同学可以参考下面的链接：https://www.shuopython.com/archives/2339  或者自行百度查找
2026-03-23 18:13:11,703 - /Users/chan/projects/Itcast_qa_system/new_main.py[line:127] - EduRAG - INFO - 会话 d1dd037d-333b-4938-b7b7-c6d54854fcfa 历史更新成功
2026-03-23 18:13:11,703 - /Users/chan/projects/Itcast_qa_system/new_main.py[line:173] - EduRAG - INFO - 查询处理耗时 0.02秒
2026-03-23 18:15:46,152 - /Users/chan/projects/Itcast_qa_system/mysql_qa/db/mysql_client.py[line:115] - EduRAG - INFO - MySQL 连接已关闭
2026-03-23 18:16:04,065 - /Users/chan/projects/Itcast_qa_system/mysql_qa/db/mysql_client.py[line:24] - EduRAG - INFO - MySQL 连接成功
2026-03-23 18:16:04,072 - /Users/chan/projects/Itcast_qa_system/mysql_qa/retrieval/bm25_search.py[line:55] - EduRAG - INFO - BM25 模型初始化完成
2026-03-23 18:16:04,121 - /Users/chan/projects/Itcast_qa_system/rag_qa/core/vector_store.py[line:53] - EduRAG - INFO - 使用设置：cpu
2026-03-23 18:16:06,137 - /Users/chan/projects/Itcast_qa_system/rag_qa/core/vector_store.py[line:119] - EduRAG - INFO - 已加载集合 edurag_0421
2026-03-23 18:16:06,172 - /Users/chan/projects/Itcast_qa_system/rag_qa/core/query_classifier.py[line:35] - EduRAG - INFO - 使用设备: mps
2026-03-23 18:16:06,759 - /Users/chan/projects/Itcast_qa_system/rag_qa/core/query_classifier.py[line:49] - EduRAG - INFO - 加载模型: /Users/chan/projects/Itcast_qa_system/rag_qa/core/bert_query_classifier
2026-03-23 18:16:06,807 - /Users/chan/projects/Itcast_qa_system/new_main.py[line:57] - EduRAG - INFO - 对话历史表初始化成功
2026-03-23 18:16:06,875 - /Users/chan/projects/Itcast_qa_system/mysql_qa/db/mysql_client.py[line:24] - EduRAG - INFO - MySQL 连接成功
2026-03-23 18:16:06,882 - /Users/chan/projects/Itcast_qa_system/mysql_qa/retrieval/bm25_search.py[line:55] - EduRAG - INFO - BM25 模型初始化完成
2026-03-23 18:16:06,919 - /Users/chan/projects/Itcast_qa_system/rag_qa/core/vector_store.py[line:53] - EduRAG - INFO - 使用设置：cpu
2026-03-23 18:16:08,425 - /Users/chan/projects/Itcast_qa_system/rag_qa/core/vector_store.py[line:119] - EduRAG - INFO - 已加载集合 edurag_0421
2026-03-23 18:16:08,443 - /Users/chan/projects/Itcast_qa_system/rag_qa/core/query_classifier.py[line:35] - EduRAG - INFO - 使用设备: mps
2026-03-23 18:16:08,634 - /Users/chan/projects/Itcast_qa_system/rag_qa/core/query_classifier.py[line:49] - EduRAG - INFO - 加载模型: /Users/chan/projects/Itcast_qa_system/rag_qa/core/bert_query_classifier
2026-03-23 18:16:08,676 - /Users/chan/projects/Itcast_qa_system/new_main.py[line:57] - EduRAG - INFO - 对话历史表初始化成功
2026-03-23 18:17:12,010 - /Users/chan/projects/Itcast_qa_system/mysql_qa/utils/preprocess.py[line:10] - EduRAG - INFO - 开始预处理文本
2026-03-23 18:17:12,275 - /Users/chan/projects/Itcast_qa_system/mysql_qa/retrieval/bm25_search.py[line:86] - EduRAG - INFO - 搜索最高分 [0.432] 结果: 解锁后面的课程
如何解锁后面的课程
解锁后面的学科
2026-03-23 18:17:12,275 - /Users/chan/projects/Itcast_qa_system/mysql_qa/retrieval/bm25_search.py[line:101] - EduRAG - INFO - 未找到可靠答案，最高 Softmax 相似度: 0.432
2026-03-23 18:17:12,289 - /Users/chan/projects/Itcast_qa_system/new_main.py[line:161] - EduRAG - INFO - 处理查询: 'JAVA课程的周期是多少' (会话ID: 2f8209d2-3c07-42d8-a7fb-160f99681471)
2026-03-23 18:17:12,291 - /Users/chan/projects/Itcast_qa_system/mysql_qa/utils/preprocess.py[line:10] - EduRAG - INFO - 开始预处理文本
2026-03-23 18:17:12,292 - /Users/chan/projects/Itcast_qa_system/mysql_qa/retrieval/bm25_search.py[line:86] - EduRAG - INFO - 搜索最高分 [0.432] 结果: 解锁后面的课程
如何解锁后面的课程
解锁后面的学科
2026-03-23 18:17:12,292 - /Users/chan/projects/Itcast_qa_system/mysql_qa/retrieval/bm25_search.py[line:101] - EduRAG - INFO - 未找到可靠答案，最高 Softmax 相似度: 0.432
2026-03-23 18:17:12,292 - /Users/chan/projects/Itcast_qa_system/new_main.py[line:178] - EduRAG - INFO - 无可靠MySQL答案，回退到RAG
2026-03-23 18:17:12,292 - /Users/chan/projects/Itcast_qa_system/rag_qa/core/new_rag_system.py[line:205] - EduRAG - INFO - 开始处理查询: 'JAVA课程的周期是多少', 学科过滤: 
2026-03-23 18:17:12,598 - /Users/chan/projects/Itcast_qa_system/rag_qa/core/new_rag_system.py[line:229] - EduRAG - INFO - 查询分类结果: 专业咨询 (查询: 'JAVA课程的周期是多少')
2026-03-23 18:17:12,598 - /Users/chan/projects/Itcast_qa_system/rag_qa/core/new_rag_system.py[line:237] - EduRAG - INFO - 查询为专业咨询，执行 RAG 流程
2026-03-23 18:17:13,607 - /Users/chan/projects/Itcast_qa_system/rag_qa/core/strategy_selector.py[line:82] - EduRAG - INFO - 为查询 'JAVA课程的周期是多少' 选择的检索策略：直接检索
2026-03-23 18:17:13,607 - /Users/chan/projects/Itcast_qa_system/rag_qa/core/new_rag_system.py[line:126] - EduRAG - INFO - 使用直接检索策略 (查询: 'JAVA课程的周期是多少')
2026-03-23 18:17:17,161 - /Users/chan/projects/Itcast_qa_system/rag_qa/core/new_rag_system.py[line:131] - EduRAG - INFO - 策略 '直接检索' 检索到 2 个候选文档 (可能已是父文档)
2026-03-23 18:17:17,161 - /Users/chan/projects/Itcast_qa_system/rag_qa/core/new_rag_system.py[line:133] - EduRAG - INFO - 最终选取 2 个文档作为上下文
2026-03-23 18:17:17,161 - /Users/chan/projects/Itcast_qa_system/rag_qa/core/new_rag_system.py[line:244] - EduRAG - INFO - 构建上下文完成，包含 2 个文档块
2026-03-23 18:17:17,161 - /Users/chan/projects/Itcast_qa_system/rag_qa/core/new_rag_system.py[line:262] - EduRAG - INFO - 检索时间 (耗时: 4.87s, 查询: 'JAVA课程的周期是多少')
2026-03-23 18:17:18,215 - /Users/chan/projects/Itcast_qa_system/rag_qa/core/new_rag_system.py[line:273] - EduRAG - INFO - LLM查询处理完成 (耗时: 1.05s, 查询: 'JAVA课程的周期是多少')
2026-03-23 18:17:18,232 - /Users/chan/projects/Itcast_qa_system/new_main.py[line:127] - EduRAG - INFO - 会话 2f8209d2-3c07-42d8-a7fb-160f99681471 历史更新成功
2026-03-23 18:17:18,232 - /Users/chan/projects/Itcast_qa_system/new_main.py[line:193] - EduRAG - INFO - 查询处理耗时 5.94秒
2026-03-23 18:17:41,022 - /Users/chan/projects/Itcast_qa_system/mysql_qa/utils/preprocess.py[line:10] - EduRAG - INFO - 开始预处理文本
2026-03-23 18:17:41,026 - /Users/chan/projects/Itcast_qa_system/mysql_qa/retrieval/bm25_search.py[line:86] - EduRAG - INFO - 搜索最高分 [0.292] 结果: Java中变量与常量的区别是什么?
2026-03-23 18:17:41,026 - /Users/chan/projects/Itcast_qa_system/mysql_qa/retrieval/bm25_search.py[line:101] - EduRAG - INFO - 未找到可靠答案，最高 Softmax 相似度: 0.292
2026-03-23 18:17:41,037 - /Users/chan/projects/Itcast_qa_system/new_main.py[line:161] - EduRAG - INFO - 处理查询: 'JAVA课程的学费是多少，学习周期是多少' (会话ID: 2f8209d2-3c07-42d8-a7fb-160f99681471)
2026-03-23 18:17:41,041 - /Users/chan/projects/Itcast_qa_system/mysql_qa/utils/preprocess.py[line:10] - EduRAG - INFO - 开始预处理文本
2026-03-23 18:17:41,042 - /Users/chan/projects/Itcast_qa_system/mysql_qa/retrieval/bm25_search.py[line:86] - EduRAG - INFO - 搜索最高分 [0.292] 结果: Java中变量与常量的区别是什么?
2026-03-23 18:17:41,042 - /Users/chan/projects/Itcast_qa_system/mysql_qa/retrieval/bm25_search.py[line:101] - EduRAG - INFO - 未找到可靠答案，最高 Softmax 相似度: 0.292
2026-03-23 18:17:41,042 - /Users/chan/projects/Itcast_qa_system/new_main.py[line:178] - EduRAG - INFO - 无可靠MySQL答案，回退到RAG
2026-03-23 18:17:41,042 - /Users/chan/projects/Itcast_qa_system/rag_qa/core/new_rag_system.py[line:205] - EduRAG - INFO - 开始处理查询: 'JAVA课程的学费是多少，学习周期是多少', 学科过滤: 
2026-03-23 18:17:41,042 - /Users/chan/projects/Itcast_qa_system/rag_qa/core/new_rag_system.py[line:225] - EduRAG - INFO - 使用对话历史: Q: JAVA课程的周期是多少
A: 根据提供的文档，Java智能体开发课程的学习周期是 **3-5个月**。...
2026-03-23 18:17:41,197 - /Users/chan/projects/Itcast_qa_system/rag_qa/core/new_rag_system.py[line:229] - EduRAG - INFO - 查询分类结果: 专业咨询 (查询: 'JAVA课程的学费是多少，学习周期是多少')
2026-03-23 18:17:41,197 - /Users/chan/projects/Itcast_qa_system/rag_qa/core/new_rag_system.py[line:237] - EduRAG - INFO - 查询为专业咨询，执行 RAG 流程
2026-03-23 18:17:43,176 - /Users/chan/projects/Itcast_qa_system/rag_qa/core/strategy_selector.py[line:82] - EduRAG - INFO - 为查询 'JAVA课程的学费是多少，学习周期是多少' 选择的检索策略：子查询检索
2026-03-23 18:17:43,176 - /Users/chan/projects/Itcast_qa_system/rag_qa/core/new_rag_system.py[line:52] - EduRAG - INFO - 使用子查询策略进行检索 (查询: 'JAVA课程的学费是多少，学习周期是多少')
2026-03-23 18:17:43,997 - /Users/chan/projects/Itcast_qa_system/rag_qa/core/new_rag_system.py[line:60] - EduRAG - INFO - 生成的子查询: ['JAVA课程的学费是多少', 'JAVA课程的学习周期是多少']
2026-03-23 18:17:44,284 - /Users/chan/projects/Itcast_qa_system/rag_qa/core/new_rag_system.py[line:75] - EduRAG - INFO - 子查询 'JAVA课程的学费是多少' 检索到 1 个文档
2026-03-23 18:17:45,344 - /Users/chan/projects/Itcast_qa_system/rag_qa/core/new_rag_system.py[line:75] - EduRAG - INFO - 子查询 'JAVA课程的学习周期是多少' 检索到 2 个文档
2026-03-23 18:17:45,344 - /Users/chan/projects/Itcast_qa_system/rag_qa/core/new_rag_system.py[line:82] - EduRAG - INFO - 所有子查询共检索到 3 个文档, 去重后剩 2 个
2026-03-23 18:17:45,344 - /Users/chan/projects/Itcast_qa_system/rag_qa/core/new_rag_system.py[line:131] - EduRAG - INFO - 策略 '子查询检索' 检索到 2 个候选文档 (可能已是父文档)
2026-03-23 18:17:45,344 - /Users/chan/projects/Itcast_qa_system/rag_qa/core/new_rag_system.py[line:133] - EduRAG - INFO - 最终选取 2 个文档作为上下文
2026-03-23 18:17:45,344 - /Users/chan/projects/Itcast_qa_system/rag_qa/core/new_rag_system.py[line:244] - EduRAG - INFO - 构建上下文完成，包含 2 个文档块
2026-03-23 18:17:45,344 - /Users/chan/projects/Itcast_qa_system/rag_qa/core/new_rag_system.py[line:262] - EduRAG - INFO - 检索时间 (耗时: 4.30s, 查询: 'JAVA课程的学费是多少，学习周期是多少')
2026-03-23 18:17:47,289 - /Users/chan/projects/Itcast_qa_system/rag_qa/core/new_rag_system.py[line:273] - EduRAG - INFO - LLM查询处理完成 (耗时: 1.94s, 查询: 'JAVA课程的学费是多少，学习周期是多少')
2026-03-23 18:17:47,299 - /Users/chan/projects/Itcast_qa_system/new_main.py[line:127] - EduRAG - INFO - 会话 2f8209d2-3c07-42d8-a7fb-160f99681471 历史更新成功
2026-03-23 18:17:47,299 - /Users/chan/projects/Itcast_qa_system/new_main.py[line:193] - EduRAG - INFO - 查询处理耗时 6.26秒
2026-03-23 18:18:17,205 - /Users/chan/projects/Itcast_qa_system/mysql_qa/utils/preprocess.py[line:10] - EduRAG - INFO - 开始预处理文本
2026-03-23 18:18:17,209 - /Users/chan/projects/Itcast_qa_system/mysql_qa/retrieval/bm25_search.py[line:86] - EduRAG - INFO - 搜索最高分 [0.828] 结果: python3 内建函数有哪些
2026-03-23 18:18:17,209 - /Users/chan/projects/Itcast_qa_system/mysql_qa/retrieval/bm25_search.py[line:101] - EduRAG - INFO - 未找到可靠答案，最高 Softmax 相似度: 0.828
2026-03-23 18:18:17,218 - /Users/chan/projects/Itcast_qa_system/new_main.py[line:161] - EduRAG - INFO - 处理查询: '有哪些培训课程呢' (会话ID: 2f8209d2-3c07-42d8-a7fb-160f99681471)
2026-03-23 18:18:17,221 - /Users/chan/projects/Itcast_qa_system/mysql_qa/utils/preprocess.py[line:10] - EduRAG - INFO - 开始预处理文本
2026-03-23 18:18:17,223 - /Users/chan/projects/Itcast_qa_system/mysql_qa/retrieval/bm25_search.py[line:86] - EduRAG - INFO - 搜索最高分 [0.828] 结果: python3 内建函数有哪些
2026-03-23 18:18:17,223 - /Users/chan/projects/Itcast_qa_system/mysql_qa/retrieval/bm25_search.py[line:101] - EduRAG - INFO - 未找到可靠答案，最高 Softmax 相似度: 0.828
2026-03-23 18:18:17,223 - /Users/chan/projects/Itcast_qa_system/new_main.py[line:178] - EduRAG - INFO - 无可靠MySQL答案，回退到RAG
2026-03-23 18:18:17,223 - /Users/chan/projects/Itcast_qa_system/rag_qa/core/new_rag_system.py[line:205] - EduRAG - INFO - 开始处理查询: '有哪些培训课程呢', 学科过滤: 
2026-03-23 18:18:17,223 - /Users/chan/projects/Itcast_qa_system/rag_qa/core/new_rag_system.py[line:225] - EduRAG - INFO - 使用对话历史: Q: JAVA课程的周期是多少
A: 根据提供的文档，Java智能体开发课程的学习周期是 **3-5个月**。
Q: JAVA课程的学费是多少，学习周期是多少
A: 根据提供的文档，Java智能体开发...
2026-03-23 18:18:17,502 - /Users/chan/projects/Itcast_qa_system/rag_qa/core/new_rag_system.py[line:229] - EduRAG - INFO - 查询分类结果: 专业咨询 (查询: '有哪些培训课程呢')
2026-03-23 18:18:17,502 - /Users/chan/projects/Itcast_qa_system/rag_qa/core/new_rag_system.py[line:237] - EduRAG - INFO - 查询为专业咨询，执行 RAG 流程
2026-03-23 18:18:18,314 - /Users/chan/projects/Itcast_qa_system/rag_qa/core/strategy_selector.py[line:82] - EduRAG - INFO - 为查询 '有哪些培训课程呢' 选择的检索策略：直接检索
2026-03-23 18:18:18,315 - /Users/chan/projects/Itcast_qa_system/rag_qa/core/new_rag_system.py[line:126] - EduRAG - INFO - 使用直接检索策略 (查询: '有哪些培训课程呢')
2026-03-23 18:18:19,896 - /Users/chan/projects/Itcast_qa_system/rag_qa/core/new_rag_system.py[line:131] - EduRAG - INFO - 策略 '直接检索' 检索到 2 个候选文档 (可能已是父文档)
2026-03-23 18:18:19,897 - /Users/chan/projects/Itcast_qa_system/rag_qa/core/new_rag_system.py[line:133] - EduRAG - INFO - 最终选取 2 个文档作为上下文
2026-03-23 18:18:19,897 - /Users/chan/projects/Itcast_qa_system/rag_qa/core/new_rag_system.py[line:244] - EduRAG - INFO - 构建上下文完成，包含 2 个文档块
2026-03-23 18:18:19,897 - /Users/chan/projects/Itcast_qa_system/rag_qa/core/new_rag_system.py[line:262] - EduRAG - INFO - 检索时间 (耗时: 2.67s, 查询: '有哪些培训课程呢')
2026-03-23 18:18:26,344 - /Users/chan/projects/Itcast_qa_system/rag_qa/core/new_rag_system.py[line:273] - EduRAG - INFO - LLM查询处理完成 (耗时: 6.45s, 查询: '有哪些培训课程呢')
2026-03-23 18:18:26,357 - /Users/chan/projects/Itcast_qa_system/new_main.py[line:127] - EduRAG - INFO - 会话 2f8209d2-3c07-42d8-a7fb-160f99681471 历史更新成功
2026-03-23 18:18:26,358 - /Users/chan/projects/Itcast_qa_system/new_main.py[line:193] - EduRAG - INFO - 查询处理耗时 9.14秒
2026-03-23 18:18:41,084 - /Users/chan/projects/Itcast_qa_system/mysql_qa/utils/preprocess.py[line:10] - EduRAG - INFO - 开始预处理文本
2026-03-23 18:18:41,087 - /Users/chan/projects/Itcast_qa_system/mysql_qa/retrieval/bm25_search.py[line:86] - EduRAG - INFO - 搜索最高分 [0.683] 结果: python3 内建函数有哪些
2026-03-23 18:18:41,087 - /Users/chan/projects/Itcast_qa_system/mysql_qa/retrieval/bm25_search.py[line:101] - EduRAG - INFO - 未找到可靠答案，最高 Softmax 相似度: 0.683
2026-03-23 18:18:41,095 - /Users/chan/projects/Itcast_qa_system/new_main.py[line:161] - EduRAG - INFO - 处理查询: 'AI的课程大纲有哪些' (会话ID: 2f8209d2-3c07-42d8-a7fb-160f99681471)
2026-03-23 18:18:41,100 - /Users/chan/projects/Itcast_qa_system/mysql_qa/utils/preprocess.py[line:10] - EduRAG - INFO - 开始预处理文本
2026-03-23 18:18:41,102 - /Users/chan/projects/Itcast_qa_system/mysql_qa/retrieval/bm25_search.py[line:86] - EduRAG - INFO - 搜索最高分 [0.683] 结果: python3 内建函数有哪些
2026-03-23 18:18:41,102 - /Users/chan/projects/Itcast_qa_system/mysql_qa/retrieval/bm25_search.py[line:101] - EduRAG - INFO - 未找到可靠答案，最高 Softmax 相似度: 0.683
2026-03-23 18:18:41,102 - /Users/chan/projects/Itcast_qa_system/new_main.py[line:178] - EduRAG - INFO - 无可靠MySQL答案，回退到RAG
2026-03-23 18:18:41,103 - /Users/chan/projects/Itcast_qa_system/rag_qa/core/new_rag_system.py[line:205] - EduRAG - INFO - 开始处理查询: 'AI的课程大纲有哪些', 学科过滤: 
2026-03-23 18:18:41,103 - /Users/chan/projects/Itcast_qa_system/rag_qa/core/new_rag_system.py[line:225] - EduRAG - INFO - 使用对话历史: Q: JAVA课程的周期是多少
A: 根据提供的文档，Java智能体开发课程的学习周期是 **3-5个月**。
Q: JAVA课程的学费是多少，学习周期是多少
A: 根据提供的文档，Java智能体开发...
2026-03-23 18:18:41,194 - /Users/chan/projects/Itcast_qa_system/rag_qa/core/new_rag_system.py[line:229] - EduRAG - INFO - 查询分类结果: 专业咨询 (查询: 'AI的课程大纲有哪些')
2026-03-23 18:18:41,194 - /Users/chan/projects/Itcast_qa_system/rag_qa/core/new_rag_system.py[line:237] - EduRAG - INFO - 查询为专业咨询，执行 RAG 流程
2026-03-23 18:18:42,158 - /Users/chan/projects/Itcast_qa_system/rag_qa/core/strategy_selector.py[line:82] - EduRAG - INFO - 为查询 'AI的课程大纲有哪些' 选择的检索策略：直接检索
2026-03-23 18:18:42,159 - /Users/chan/projects/Itcast_qa_system/rag_qa/core/new_rag_system.py[line:126] - EduRAG - INFO - 使用直接检索策略 (查询: 'AI的课程大纲有哪些')
2026-03-23 18:18:43,715 - /Users/chan/projects/Itcast_qa_system/rag_qa/core/new_rag_system.py[line:131] - EduRAG - INFO - 策略 '直接检索' 检索到 2 个候选文档 (可能已是父文档)
2026-03-23 18:18:43,715 - /Users/chan/projects/Itcast_qa_system/rag_qa/core/new_rag_system.py[line:133] - EduRAG - INFO - 最终选取 2 个文档作为上下文
2026-03-23 18:18:43,715 - /Users/chan/projects/Itcast_qa_system/rag_qa/core/new_rag_system.py[line:244] - EduRAG - INFO - 构建上下文完成，包含 2 个文档块
2026-03-23 18:18:43,715 - /Users/chan/projects/Itcast_qa_system/rag_qa/core/new_rag_system.py[line:262] - EduRAG - INFO - 检索时间 (耗时: 2.61s, 查询: 'AI的课程大纲有哪些')
2026-03-23 18:18:52,197 - /Users/chan/projects/Itcast_qa_system/rag_qa/core/new_rag_system.py[line:273] - EduRAG - INFO - LLM查询处理完成 (耗时: 8.48s, 查询: 'AI的课程大纲有哪些')
2026-03-23 18:18:52,211 - /Users/chan/projects/Itcast_qa_system/new_main.py[line:127] - EduRAG - INFO - 会话 2f8209d2-3c07-42d8-a7fb-160f99681471 历史更新成功
2026-03-23 18:18:52,211 - /Users/chan/projects/Itcast_qa_system/new_main.py[line:193] - EduRAG - INFO - 查询处理耗时 11.12秒
2026-03-23 18:19:14,034 - /Users/chan/projects/Itcast_qa_system/mysql_qa/utils/preprocess.py[line:10] - EduRAG - INFO - 开始预处理文本
2026-03-23 18:19:14,038 - /Users/chan/projects/Itcast_qa_system/mysql_qa/retrieval/bm25_search.py[line:86] - EduRAG - INFO - 搜索最高分 [0.845] 结果: 老师你好，问一下#
老师我想我问下#怎么调
2026-03-23 18:19:14,042 - /Users/chan/projects/Itcast_qa_system/mysql_qa/retrieval/bm25_search.py[line:101] - EduRAG - INFO - 未找到可靠答案，最高 Softmax 相似度: 0.845
2026-03-23 18:19:14,049 - /Users/chan/projects/Itcast_qa_system/new_main.py[line:161] - EduRAG - INFO - 处理查询: '我问几个问题' (会话ID: 2f8209d2-3c07-42d8-a7fb-160f99681471)
2026-03-23 18:19:14,055 - /Users/chan/projects/Itcast_qa_system/mysql_qa/utils/preprocess.py[line:10] - EduRAG - INFO - 开始预处理文本
2026-03-23 18:19:14,057 - /Users/chan/projects/Itcast_qa_system/mysql_qa/retrieval/bm25_search.py[line:86] - EduRAG - INFO - 搜索最高分 [0.845] 结果: 老师你好，问一下#
老师我想我问下#怎么调
2026-03-23 18:19:14,057 - /Users/chan/projects/Itcast_qa_system/mysql_qa/retrieval/bm25_search.py[line:101] - EduRAG - INFO - 未找到可靠答案，最高 Softmax 相似度: 0.845
2026-03-23 18:19:14,057 - /Users/chan/projects/Itcast_qa_system/new_main.py[line:178] - EduRAG - INFO - 无可靠MySQL答案，回退到RAG
2026-03-23 18:19:14,057 - /Users/chan/projects/Itcast_qa_system/rag_qa/core/new_rag_system.py[line:205] - EduRAG - INFO - 开始处理查询: '我问几个问题', 学科过滤: 
2026-03-23 18:19:14,057 - /Users/chan/projects/Itcast_qa_system/rag_qa/core/new_rag_system.py[line:225] - EduRAG - INFO - 使用对话历史: Q: JAVA课程的周期是多少
A: 根据提供的文档，Java智能体开发课程的学习周期是 **3-5个月**。
Q: JAVA课程的学费是多少，学习周期是多少
A: 根据提供的文档，Java智能体开发...
2026-03-23 18:19:14,184 - /Users/chan/projects/Itcast_qa_system/rag_qa/core/new_rag_system.py[line:229] - EduRAG - INFO - 查询分类结果: 通用知识 (查询: '我问几个问题')
2026-03-23 18:19:14,184 - /Users/chan/projects/Itcast_qa_system/rag_qa/core/new_rag_system.py[line:234] - EduRAG - INFO - 查询为通用知识，直接调用 LLM
2026-03-23 18:19:14,184 - /Users/chan/projects/Itcast_qa_system/rag_qa/core/new_rag_system.py[line:262] - EduRAG - INFO - 检索时间 (耗时: 0.13s, 查询: '我问几个问题')
2026-03-23 18:19:15,245 - /Users/chan/projects/Itcast_qa_system/rag_qa/core/new_rag_system.py[line:273] - EduRAG - INFO - LLM查询处理完成 (耗时: 1.06s, 查询: '我问几个问题')
2026-03-23 18:19:15,259 - /Users/chan/projects/Itcast_qa_system/new_main.py[line:127] - EduRAG - INFO - 会话 2f8209d2-3c07-42d8-a7fb-160f99681471 历史更新成功
2026-03-23 18:19:15,259 - /Users/chan/projects/Itcast_qa_system/new_main.py[line:193] - EduRAG - INFO - 查询处理耗时 1.21秒
2026-03-23 18:20:01,418 - /Users/chan/projects/Itcast_qa_system/mysql_qa/utils/preprocess.py[line:10] - EduRAG - INFO - 开始预处理文本
2026-03-23 18:20:01,426 - /Users/chan/projects/Itcast_qa_system/mysql_qa/retrieval/bm25_search.py[line:86] - EduRAG - INFO - 搜索最高分 [0.876] 结果: pycharm不能用了
ide激活码过期了
pycharm过期了
#无法使用了
#提示到期没法使用了
老师我ubuntu里的pycharm到期了，怎么破解呀
2026-03-23 18:20:01,437 - /Users/chan/projects/Itcast_qa_system/mysql_qa/retrieval/bm25_search.py[line:97] - EduRAG - INFO - 搜索成功，Softmax 相似度: 0.876
2026-08-23 18:25:55,929 - C:\Users\P72\PycharmProjects\AsIf\Itcast_qa_system\mysql_qa\retrieval\bm25_search_demo.py[line:23] - EduRAG - INFO - BM25模型初始化完成
2026-08-23 18:25:55,930 - C:\Users\P72\PycharmProjects\AsIf\Itcast_qa_system\mysql_qa\retrieval\bm25_search_demo.py[line:36] - EduRAG - INFO - 查询: 他喜欢编程, 最佳匹配: 我喜欢编程, 得分: 1.8135411028218271
2026-08-23 18:25:55,930 - C:\Users\P72\PycharmProjects\AsIf\Itcast_qa_system\mysql_qa\retrieval\bm25_search_demo.py[line:53] - EduRAG - INFO - 查询结果: 我喜欢编程, 得分: 1.8135411028218271
2026-08-23 18:30:04,448 - C:\Users\P72\PycharmProjects\AsIf\Itcast_qa_system\demo\redis_lesson\redis_client.py[line:25] - EduRAG - INFO - Redis 连接成功
2026-08-23 18:30:04,464 - C:\Users\P72\PycharmProjects\AsIf\Itcast_qa_system\demo\redis_lesson\redis_client.py[line:33] - EduRAG - INFO - 存储数据到 Redis: username
2026-08-23 18:30:04,464 - C:\Users\P72\PycharmProjects\AsIf\Itcast_qa_system\demo\redis_lesson\redis_client.py[line:74] - EduRAG - INFO - 查询结果: {'name': '兔子行', 'age': 25}
2026-08-23 18:30:04,465 - C:\Users\P72\PycharmProjects\AsIf\Itcast_qa_system\demo\redis_lesson\redis_client.py[line:83] - EduRAG - INFO - 未找到缓存答案
2026-08-23 18:31:32,430 - C:\Users\P72\PycharmProjects\AsIf\Itcast_qa_system\mysql_qa\db\mysql_client.py[line:24] - EduRAG - INFO - MySQL 连接成功
2026-08-23 18:31:32,489 - C:\Users\P72\PycharmProjects\AsIf\Itcast_qa_system\mysql_qa\db\mysql_client.py[line:57] - EduRAG - INFO - 表创建成功
2026-08-23 18:31:32,982 - C:\Users\P72\PycharmProjects\AsIf\Itcast_qa_system\mysql_qa\db\mysql_client.py[line:70] - EduRAG - INFO - 数据插入成功
2026-08-23 18:41:37,232 - C:\Users\P72\PycharmProjects\AsIf\Itcast_qa_system\mysql_qa\db\mysql_client.py[line:24] - EduRAG - INFO - MySQL 连接成功
2026-08-23 18:41:37,252 - C:\Users\P72\PycharmProjects\AsIf\Itcast_qa_system\mysql_qa\db\mysql_client.py[line:84] - EduRAG - INFO - 成功获取问题
2026-08-23 18:41:37,253 - C:\Users\P72\PycharmProjects\AsIf\Itcast_qa_system\mysql_qa\retrieval\bm25_search.py[line:42] - EduRAG - WARNING - 未加载到问题
2026-08-23 18:42:29,757 - C:\Users\P72\PycharmProjects\AsIf\Itcast_qa_system\mysql_qa\db\mysql_client.py[line:115] - EduRAG - INFO - MySQL 连接已关闭
2026-08-23 18:54:25,764 - C:\Users\P72\PycharmProjects\AsIf\Itcast_qa_system\mysql_qa\db\mysql_client.py[line:24] - EduRAG - INFO - MySQL 连接成功
2026-08-23 18:54:25,776 - C:\Users\P72\PycharmProjects\AsIf\Itcast_qa_system\mysql_qa\db\mysql_client.py[line:84] - EduRAG - INFO - 成功获取问题
2026-08-23 18:54:25,776 - C:\Users\P72\PycharmProjects\AsIf\Itcast_qa_system\mysql_qa\retrieval\bm25_search.py[line:42] - EduRAG - WARNING - 未加载到问题
2026-08-23 18:54:36,287 - C:\Users\P72\PycharmProjects\AsIf\Itcast_qa_system\mysql_qa\db\mysql_client.py[line:115] - EduRAG - INFO - MySQL 连接已关闭
2026-08-23 18:54:47,298 - C:\Users\P72\PycharmProjects\AsIf\Itcast_qa_system\mysql_qa\db\mysql_client.py[line:24] - EduRAG - INFO - MySQL 连接成功
2026-08-23 18:54:47,301 - C:\Users\P72\PycharmProjects\AsIf\Itcast_qa_system\mysql_qa\db\mysql_client.py[line:57] - EduRAG - INFO - 表创建成功
2026-08-23 18:54:47,652 - C:\Users\P72\PycharmProjects\AsIf\Itcast_qa_system\mysql_qa\db\mysql_client.py[line:70] - EduRAG - INFO - 数据插入成功
2026-08-23 18:56:33,164 - C:\Users\P72\PycharmProjects\AsIf\Itcast_qa_system\mysql_qa\db\mysql_client.py[line:24] - EduRAG - INFO - MySQL 连接成功
2026-08-23 18:56:33,190 - C:\Users\P72\PycharmProjects\AsIf\Itcast_qa_system\mysql_qa\db\mysql_client.py[line:84] - EduRAG - INFO - 成功获取问题
2026-08-23 18:56:33,190 - C:\Users\P72\PycharmProjects\AsIf\Itcast_qa_system\mysql_qa\utils\preprocess.py[line:10] - EduRAG - INFO - 开始预处理文本
2026-08-23 18:56:34,081 - C:\Users\P72\PycharmProjects\AsIf\Itcast_qa_system\mysql_qa\utils\preprocess.py[line:10] - EduRAG - INFO - 开始预处理文本
2026-08-23 18:56:34,082 - C:\Users\P72\PycharmProjects\AsIf\Itcast_qa_system\mysql_qa\utils\preprocess.py[line:10] - EduRAG - INFO - 开始预处理文本
2026-08-23 18:56:34,082 - C:\Users\P72\PycharmProjects\AsIf\Itcast_qa_system\mysql_qa\utils\preprocess.py[line:10] - EduRAG - INFO - 开始预处理文本
2026-08-23 18:56:34,082 - C:\Users\P72\PycharmProjects\AsIf\Itcast_qa_system\mysql_qa\utils\preprocess.py[line:10] - EduRAG - INFO - 开始预处理文本
2026-08-23 18:56:34,082 - C:\Users\P72\PycharmProjects\AsIf\Itcast_qa_system\mysql_qa\utils\preprocess.py[line:10] - EduRAG - INFO - 开始预处理文本
2026-08-23 18:56:34,083 - C:\Users\P72\PycharmProjects\AsIf\Itcast_qa_system\mysql_qa\utils\preprocess.py[line:10] - EduRAG - INFO - 开始预处理文本
2026-08-23 18:56:34,083 - C:\Users\P72\PycharmProjects\AsIf\Itcast_qa_system\mysql_qa\utils\preprocess.py[line:10] - EduRAG - INFO - 开始预处理文本
2026-08-23 18:56:34,083 - C:\Users\P72\PycharmProjects\AsIf\Itcast_qa_system\mysql_qa\utils\preprocess.py[line:10] - EduRAG - INFO - 开始预处理文本
2026-08-23 18:56:34,083 - C:\Users\P72\PycharmProjects\AsIf\Itcast_qa_system\mysql_qa\utils\preprocess.py[line:10] - EduRAG - INFO - 开始预处理文本
2026-08-23 18:56:34,084 - C:\Users\P72\PycharmProjects\AsIf\Itcast_qa_system\mysql_qa\utils\preprocess.py[line:10] - EduRAG - INFO - 开始预处理文本
2026-08-23 18:56:34,084 - C:\Users\P72\PycharmProjects\AsIf\Itcast_qa_system\mysql_qa\utils\preprocess.py[line:10] - EduRAG - INFO - 开始预处理文本
2026-08-23 18:56:34,084 - C:\Users\P72\PycharmProjects\AsIf\Itcast_qa_system\mysql_qa\utils\preprocess.py[line:10] - EduRAG - INFO - 开始预处理文本
2026-08-23 18:56:34,084 - C:\Users\P72\PycharmProjects\AsIf\Itcast_qa_system\mysql_qa\utils\preprocess.py[line:10] - EduRAG - INFO - 开始预处理文本
2026-08-23 18:56:34,085 - C:\Users\P72\PycharmProjects\AsIf\Itcast_qa_system\mysql_qa\utils\preprocess.py[line:10] - EduRAG - INFO - 开始预处理文本
2026-08-23 18:56:34,085 - C:\Users\P72\PycharmProjects\AsIf\Itcast_qa_system\mysql_qa\utils\preprocess.py[line:10] - EduRAG - INFO - 开始预处理文本
2026-08-23 18:56:34,085 - C:\Users\P72\PycharmProjects\AsIf\Itcast_qa_system\mysql_qa\utils\preprocess.py[line:10] - EduRAG - INFO - 开始预处理文本
2026-08-23 18:56:34,085 - C:\Users\P72\PycharmProjects\AsIf\Itcast_qa_system\mysql_qa\utils\preprocess.py[line:10] - EduRAG - INFO - 开始预处理文本
2026-08-23 18:56:34,085 - C:\Users\P72\PycharmProjects\AsIf\Itcast_qa_system\mysql_qa\utils\preprocess.py[line:10] - EduRAG - INFO - 开始预处理文本
2026-08-23 18:56:34,086 - C:\Users\P72\PycharmProjects\AsIf\Itcast_qa_system\mysql_qa\utils\preprocess.py[line:10] - EduRAG - INFO - 开始预处理文本
2026-08-23 18:56:34,086 - C:\Users\P72\PycharmProjects\AsIf\Itcast_qa_system\mysql_qa\utils\preprocess.py[line:10] - EduRAG - INFO - 开始预处理文本
2026-08-23 18:56:34,086 - C:\Users\P72\PycharmProjects\AsIf\Itcast_qa_system\mysql_qa\utils\preprocess.py[line:10] - EduRAG - INFO - 开始预处理文本
2026-08-23 18:56:34,087 - C:\Users\P72\PycharmProjects\AsIf\Itcast_qa_system\mysql_qa\utils\preprocess.py[line:10] - EduRAG - INFO - 开始预处理文本
2026-08-23 18:56:34,087 - C:\Users\P72\PycharmProjects\AsIf\Itcast_qa_system\mysql_qa\utils\preprocess.py[line:10] - EduRAG - INFO - 开始预处理文本
2026-08-23 18:56:34,087 - C:\Users\P72\PycharmProjects\AsIf\Itcast_qa_system\mysql_qa\utils\preprocess.py[line:10] - EduRAG - INFO - 开始预处理文本
2026-08-23 18:56:34,087 - C:\Users\P72\PycharmProjects\AsIf\Itcast_qa_system\mysql_qa\utils\preprocess.py[line:10] - EduRAG - INFO - 开始预处理文本
2026-08-23 18:56:34,087 - C:\Users\P72\PycharmProjects\AsIf\Itcast_qa_system\mysql_qa\utils\preprocess.py[line:10] - EduRAG - INFO - 开始预处理文本
2026-08-23 18:56:34,088 - C:\Users\P72\PycharmProjects\AsIf\Itcast_qa_system\mysql_qa\utils\preprocess.py[line:10] - EduRAG - INFO - 开始预处理文本
2026-08-23 18:56:34,088 - C:\Users\P72\PycharmProjects\AsIf\Itcast_qa_system\mysql_qa\utils\preprocess.py[line:10] - EduRAG - INFO - 开始预处理文本
2026-08-23 18:56:34,088 - C:\Users\P72\PycharmProjects\AsIf\Itcast_qa_system\mysql_qa\utils\preprocess.py[line:10] - EduRAG - INFO - 开始预处理文本
2026-08-23 18:56:34,088 - C:\Users\P72\PycharmProjects\AsIf\Itcast_qa_system\mysql_qa\utils\preprocess.py[line:10] - EduRAG - INFO - 开始预处理文本
2026-08-23 18:56:34,088 - C:\Users\P72\PycharmProjects\AsIf\Itcast_qa_system\mysql_qa\utils\preprocess.py[line:10] - EduRAG - INFO - 开始预处理文本
2026-08-23 18:56:34,088 - C:\Users\P72\PycharmProjects\AsIf\Itcast_qa_system\mysql_qa\utils\preprocess.py[line:10] - EduRAG - INFO - 开始预处理文本
2026-08-23 18:56:34,088 - C:\Users\P72\PycharmProjects\AsIf\Itcast_qa_system\mysql_qa\utils\preprocess.py[line:10] - EduRAG - INFO - 开始预处理文本
2026-08-23 18:56:34,089 - C:\Users\P72\PycharmProjects\AsIf\Itcast_qa_system\mysql_qa\utils\preprocess.py[line:10] - EduRAG - INFO - 开始预处理文本
2026-08-23 18:56:34,089 - C:\Users\P72\PycharmProjects\AsIf\Itcast_qa_system\mysql_qa\utils\preprocess.py[line:10] - EduRAG - INFO - 开始预处理文本
2026-08-23 18:56:34,089 - C:\Users\P72\PycharmProjects\AsIf\Itcast_qa_system\mysql_qa\utils\preprocess.py[line:10] - EduRAG - INFO - 开始预处理文本
2026-08-23 18:56:34,089 - C:\Users\P72\PycharmProjects\AsIf\Itcast_qa_system\mysql_qa\utils\preprocess.py[line:10] - EduRAG - INFO - 开始预处理文本
2026-08-23 18:56:34,089 - C:\Users\P72\PycharmProjects\AsIf\Itcast_qa_system\mysql_qa\utils\preprocess.py[line:10] - EduRAG - INFO - 开始预处理文本
2026-08-23 18:56:34,089 - C:\Users\P72\PycharmProjects\AsIf\Itcast_qa_system\mysql_qa\utils\preprocess.py[line:10] - EduRAG - INFO - 开始预处理文本
2026-08-23 18:56:34,090 - C:\Users\P72\PycharmProjects\AsIf\Itcast_qa_system\mysql_qa\utils\preprocess.py[line:10] - EduRAG - INFO - 开始预处理文本
2026-08-23 18:56:34,090 - C:\Users\P72\PycharmProjects\AsIf\Itcast_qa_system\mysql_qa\utils\preprocess.py[line:10] - EduRAG - INFO - 开始预处理文本
2026-08-23 18:56:34,090 - C:\Users\P72\PycharmProjects\AsIf\Itcast_qa_system\mysql_qa\utils\preprocess.py[line:10] - EduRAG - INFO - 开始预处理文本
2026-08-23 18:56:34,090 - C:\Users\P72\PycharmProjects\AsIf\Itcast_qa_system\mysql_qa\utils\preprocess.py[line:10] - EduRAG - INFO - 开始预处理文本
2026-08-23 18:56:34,090 - C:\Users\P72\PycharmProjects\AsIf\Itcast_qa_system\mysql_qa\utils\preprocess.py[line:10] - EduRAG - INFO - 开始预处理文本
2026-08-23 18:56:34,091 - C:\Users\P72\PycharmProjects\AsIf\Itcast_qa_system\mysql_qa\utils\preprocess.py[line:10] - EduRAG - INFO - 开始预处理文本
2026-08-23 18:56:34,091 - C:\Users\P72\PycharmProjects\AsIf\Itcast_qa_system\mysql_qa\utils\preprocess.py[line:10] - EduRAG - INFO - 开始预处理文本
2026-08-23 18:56:34,091 - C:\Users\P72\PycharmProjects\AsIf\Itcast_qa_system\mysql_qa\utils\preprocess.py[line:10] - EduRAG - INFO - 开始预处理文本
2026-08-23 18:56:34,091 - C:\Users\P72\PycharmProjects\AsIf\Itcast_qa_system\mysql_qa\utils\preprocess.py[line:10] - EduRAG - INFO - 开始预处理文本
2026-08-23 18:56:34,091 - C:\Users\P72\PycharmProjects\AsIf\Itcast_qa_system\mysql_qa\utils\preprocess.py[line:10] - EduRAG - INFO - 开始预处理文本
2026-08-23 18:56:34,091 - C:\Users\P72\PycharmProjects\AsIf\Itcast_qa_system\mysql_qa\utils\preprocess.py[line:10] - EduRAG - INFO - 开始预处理文本
2026-08-23 18:56:34,092 - C:\Users\P72\PycharmProjects\AsIf\Itcast_qa_system\mysql_qa\utils\preprocess.py[line:10] - EduRAG - INFO - 开始预处理文本
2026-08-23 18:56:34,092 - C:\Users\P72\PycharmProjects\AsIf\Itcast_qa_system\mysql_qa\utils\preprocess.py[line:10] - EduRAG - INFO - 开始预处理文本
2026-08-23 18:56:34,092 - C:\Users\P72\PycharmProjects\AsIf\Itcast_qa_system\mysql_qa\utils\preprocess.py[line:10] - EduRAG - INFO - 开始预处理文本
2026-08-23 18:56:34,092 - C:\Users\P72\PycharmProjects\AsIf\Itcast_qa_system\mysql_qa\utils\preprocess.py[line:10] - EduRAG - INFO - 开始预处理文本
2026-08-23 18:56:34,092 - C:\Users\P72\PycharmProjects\AsIf\Itcast_qa_system\mysql_qa\utils\preprocess.py[line:10] - EduRAG - INFO - 开始预处理文本
2026-08-23 18:56:34,092 - C:\Users\P72\PycharmProjects\AsIf\Itcast_qa_system\mysql_qa\utils\preprocess.py[line:10] - EduRAG - INFO - 开始预处理文本
2026-08-23 18:56:34,092 - C:\Users\P72\PycharmProjects\AsIf\Itcast_qa_system\mysql_qa\utils\preprocess.py[line:10] - EduRAG - INFO - 开始预处理文本
2026-08-23 18:56:34,093 - C:\Users\P72\PycharmProjects\AsIf\Itcast_qa_system\mysql_qa\utils\preprocess.py[line:10] - EduRAG - INFO - 开始预处理文本
2026-08-23 18:56:34,093 - C:\Users\P72\PycharmProjects\AsIf\Itcast_qa_system\mysql_qa\utils\preprocess.py[line:10] - EduRAG - INFO - 开始预处理文本
2026-08-23 18:56:34,093 - C:\Users\P72\PycharmProjects\AsIf\Itcast_qa_system\mysql_qa\utils\preprocess.py[line:10] - EduRAG - INFO - 开始预处理文本
2026-08-23 18:56:34,093 - C:\Users\P72\PycharmProjects\AsIf\Itcast_qa_system\mysql_qa\utils\preprocess.py[line:10] - EduRAG - INFO - 开始预处理文本
2026-08-23 18:56:34,093 - C:\Users\P72\PycharmProjects\AsIf\Itcast_qa_system\mysql_qa\utils\preprocess.py[line:10] - EduRAG - INFO - 开始预处理文本
2026-08-23 18:56:34,093 - C:\Users\P72\PycharmProjects\AsIf\Itcast_qa_system\mysql_qa\utils\preprocess.py[line:10] - EduRAG - INFO - 开始预处理文本
2026-08-23 18:56:34,093 - C:\Users\P72\PycharmProjects\AsIf\Itcast_qa_system\mysql_qa\utils\preprocess.py[line:10] - EduRAG - INFO - 开始预处理文本
2026-08-23 18:56:34,094 - C:\Users\P72\PycharmProjects\AsIf\Itcast_qa_system\mysql_qa\utils\preprocess.py[line:10] - EduRAG - INFO - 开始预处理文本
2026-08-23 18:56:34,094 - C:\Users\P72\PycharmProjects\AsIf\Itcast_qa_system\mysql_qa\utils\preprocess.py[line:10] - EduRAG - INFO - 开始预处理文本
2026-08-23 18:56:34,094 - C:\Users\P72\PycharmProjects\AsIf\Itcast_qa_system\mysql_qa\utils\preprocess.py[line:10] - EduRAG - INFO - 开始预处理文本
2026-08-23 18:56:34,094 - C:\Users\P72\PycharmProjects\AsIf\Itcast_qa_system\mysql_qa\utils\preprocess.py[line:10] - EduRAG - INFO - 开始预处理文本
2026-08-23 18:56:34,094 - C:\Users\P72\PycharmProjects\AsIf\Itcast_qa_system\mysql_qa\utils\preprocess.py[line:10] - EduRAG - INFO - 开始预处理文本
2026-08-23 18:56:34,094 - C:\Users\P72\PycharmProjects\AsIf\Itcast_qa_system\mysql_qa\utils\preprocess.py[line:10] - EduRAG - INFO - 开始预处理文本
2026-08-23 18:56:34,094 - C:\Users\P72\PycharmProjects\AsIf\Itcast_qa_system\mysql_qa\utils\preprocess.py[line:10] - EduRAG - INFO - 开始预处理文本
2026-08-23 18:56:34,095 - C:\Users\P72\PycharmProjects\AsIf\Itcast_qa_system\mysql_qa\utils\preprocess.py[line:10] - EduRAG - INFO - 开始预处理文本
2026-08-23 18:56:34,095 - C:\Users\P72\PycharmProjects\AsIf\Itcast_qa_system\mysql_qa\utils\preprocess.py[line:10] - EduRAG - INFO - 开始预处理文本
2026-08-23 18:56:34,095 - C:\Users\P72\PycharmProjects\AsIf\Itcast_qa_system\mysql_qa\utils\preprocess.py[line:10] - EduRAG - INFO - 开始预处理文本
2026-08-23 18:56:34,095 - C:\Users\P72\PycharmProjects\AsIf\Itcast_qa_system\mysql_qa\utils\preprocess.py[line:10] - EduRAG - INFO - 开始预处理文本
2026-08-23 18:56:34,095 - C:\Users\P72\PycharmProjects\AsIf\Itcast_qa_system\mysql_qa\utils\preprocess.py[line:10] - EduRAG - INFO - 开始预处理文本
2026-08-23 18:56:34,095 - C:\Users\P72\PycharmProjects\AsIf\Itcast_qa_system\mysql_qa\utils\preprocess.py[line:10] - EduRAG - INFO - 开始预处理文本
2026-08-23 18:56:34,096 - C:\Users\P72\PycharmProjects\AsIf\Itcast_qa_system\mysql_qa\utils\preprocess.py[line:10] - EduRAG - INFO - 开始预处理文本
2026-08-23 18:56:34,096 - C:\Users\P72\PycharmProjects\AsIf\Itcast_qa_system\mysql_qa\utils\preprocess.py[line:10] - EduRAG - INFO - 开始预处理文本
2026-08-23 18:56:34,096 - C:\Users\P72\PycharmProjects\AsIf\Itcast_qa_system\mysql_qa\utils\preprocess.py[line:10] - EduRAG - INFO - 开始预处理文本
2026-08-23 18:56:34,096 - C:\Users\P72\PycharmProjects\AsIf\Itcast_qa_system\mysql_qa\utils\preprocess.py[line:10] - EduRAG - INFO - 开始预处理文本
2026-08-23 18:56:34,096 - C:\Users\P72\PycharmProjects\AsIf\Itcast_qa_system\mysql_qa\utils\preprocess.py[line:10] - EduRAG - INFO - 开始预处理文本
2026-08-23 18:56:34,096 - C:\Users\P72\PycharmProjects\AsIf\Itcast_qa_system\mysql_qa\utils\preprocess.py[line:10] - EduRAG - INFO - 开始预处理文本
2026-08-23 18:56:34,096 - C:\Users\P72\PycharmProjects\AsIf\Itcast_qa_system\mysql_qa\utils\preprocess.py[line:10] - EduRAG - INFO - 开始预处理文本
2026-08-23 18:56:34,097 - C:\Users\P72\PycharmProjects\AsIf\Itcast_qa_system\mysql_qa\utils\preprocess.py[line:10] - EduRAG - INFO - 开始预处理文本
2026-08-23 18:56:34,097 - C:\Users\P72\PycharmProjects\AsIf\Itcast_qa_system\mysql_qa\utils\preprocess.py[line:10] - EduRAG - INFO - 开始预处理文本
2026-08-23 18:56:34,097 - C:\Users\P72\PycharmProjects\AsIf\Itcast_qa_system\mysql_qa\utils\preprocess.py[line:10] - EduRAG - INFO - 开始预处理文本
2026-08-23 18:56:34,097 - C:\Users\P72\PycharmProjects\AsIf\Itcast_qa_system\mysql_qa\utils\preprocess.py[line:10] - EduRAG - INFO - 开始预处理文本
2026-08-23 18:56:34,097 - C:\Users\P72\PycharmProjects\AsIf\Itcast_qa_system\mysql_qa\utils\preprocess.py[line:10] - EduRAG - INFO - 开始预处理文本
2026-08-23 18:56:34,097 - C:\Users\P72\PycharmProjects\AsIf\Itcast_qa_system\mysql_qa\utils\preprocess.py[line:10] - EduRAG - INFO - 开始预处理文本
2026-08-23 18:56:34,097 - C:\Users\P72\PycharmProjects\AsIf\Itcast_qa_system\mysql_qa\utils\preprocess.py[line:10] - EduRAG - INFO - 开始预处理文本
2026-08-23 18:56:34,098 - C:\Users\P72\PycharmProjects\AsIf\Itcast_qa_system\mysql_qa\utils\preprocess.py[line:10] - EduRAG - INFO - 开始预处理文本
2026-08-23 18:56:34,098 - C:\Users\P72\PycharmProjects\AsIf\Itcast_qa_system\mysql_qa\utils\preprocess.py[line:10] - EduRAG - INFO - 开始预处理文本
2026-08-23 18:56:34,098 - C:\Users\P72\PycharmProjects\AsIf\Itcast_qa_system\mysql_qa\utils\preprocess.py[line:10] - EduRAG - INFO - 开始预处理文本
2026-08-23 18:56:34,098 - C:\Users\P72\PycharmProjects\AsIf\Itcast_qa_system\mysql_qa\utils\preprocess.py[line:10] - EduRAG - INFO - 开始预处理文本
2026-08-23 18:56:34,098 - C:\Users\P72\PycharmProjects\AsIf\Itcast_qa_system\mysql_qa\utils\preprocess.py[line:10] - EduRAG - INFO - 开始预处理文本
2026-08-23 18:56:34,098 - C:\Users\P72\PycharmProjects\AsIf\Itcast_qa_system\mysql_qa\utils\preprocess.py[line:10] - EduRAG - INFO - 开始预处理文本
2026-08-23 18:56:34,098 - C:\Users\P72\PycharmProjects\AsIf\Itcast_qa_system\mysql_qa\utils\preprocess.py[line:10] - EduRAG - INFO - 开始预处理文本
2026-08-23 18:56:34,099 - C:\Users\P72\PycharmProjects\AsIf\Itcast_qa_system\mysql_qa\utils\preprocess.py[line:10] - EduRAG - INFO - 开始预处理文本
2026-08-23 18:56:34,099 - C:\Users\P72\PycharmProjects\AsIf\Itcast_qa_system\mysql_qa\utils\preprocess.py[line:10] - EduRAG - INFO - 开始预处理文本
2026-08-23 18:56:34,099 - C:\Users\P72\PycharmProjects\AsIf\Itcast_qa_system\mysql_qa\utils\preprocess.py[line:10] - EduRAG - INFO - 开始预处理文本
2026-08-23 18:56:34,099 - C:\Users\P72\PycharmProjects\AsIf\Itcast_qa_system\mysql_qa\utils\preprocess.py[line:10] - EduRAG - INFO - 开始预处理文本
2026-08-23 18:56:34,100 - C:\Users\P72\PycharmProjects\AsIf\Itcast_qa_system\mysql_qa\utils\preprocess.py[line:10] - EduRAG - INFO - 开始预处理文本
2026-08-23 18:56:34,100 - C:\Users\P72\PycharmProjects\AsIf\Itcast_qa_system\mysql_qa\utils\preprocess.py[line:10] - EduRAG - INFO - 开始预处理文本
2026-08-23 18:56:34,100 - C:\Users\P72\PycharmProjects\AsIf\Itcast_qa_system\mysql_qa\utils\preprocess.py[line:10] - EduRAG - INFO - 开始预处理文本
2026-08-23 18:56:34,100 - C:\Users\P72\PycharmProjects\AsIf\Itcast_qa_system\mysql_qa\utils\preprocess.py[line:10] - EduRAG - INFO - 开始预处理文本
2026-08-23 18:56:34,100 - C:\Users\P72\PycharmProjects\AsIf\Itcast_qa_system\mysql_qa\utils\preprocess.py[line:10] - EduRAG - INFO - 开始预处理文本
2026-08-23 18:56:34,100 - C:\Users\P72\PycharmProjects\AsIf\Itcast_qa_system\mysql_qa\utils\preprocess.py[line:10] - EduRAG - INFO - 开始预处理文本
2026-08-23 18:56:34,100 - C:\Users\P72\PycharmProjects\AsIf\Itcast_qa_system\mysql_qa\utils\preprocess.py[line:10] - EduRAG - INFO - 开始预处理文本
2026-08-23 18:56:34,101 - C:\Users\P72\PycharmProjects\AsIf\Itcast_qa_system\mysql_qa\utils\preprocess.py[line:10] - EduRAG - INFO - 开始预处理文本
2026-08-23 18:56:34,101 - C:\Users\P72\PycharmProjects\AsIf\Itcast_qa_system\mysql_qa\utils\preprocess.py[line:10] - EduRAG - INFO - 开始预处理文本
2026-08-23 18:56:34,101 - C:\Users\P72\PycharmProjects\AsIf\Itcast_qa_system\mysql_qa\utils\preprocess.py[line:10] - EduRAG - INFO - 开始预处理文本
2026-08-23 18:56:34,101 - C:\Users\P72\PycharmProjects\AsIf\Itcast_qa_system\mysql_qa\utils\preprocess.py[line:10] - EduRAG - INFO - 开始预处理文本
2026-08-23 18:56:34,101 - C:\Users\P72\PycharmProjects\AsIf\Itcast_qa_system\mysql_qa\utils\preprocess.py[line:10] - EduRAG - INFO - 开始预处理文本
2026-08-23 18:56:34,101 - C:\Users\P72\PycharmProjects\AsIf\Itcast_qa_system\mysql_qa\utils\preprocess.py[line:10] - EduRAG - INFO - 开始预处理文本
2026-08-23 18:56:34,102 - C:\Users\P72\PycharmProjects\AsIf\Itcast_qa_system\mysql_qa\utils\preprocess.py[line:10] - EduRAG - INFO - 开始预处理文本
2026-08-23 18:56:34,102 - C:\Users\P72\PycharmProjects\AsIf\Itcast_qa_system\mysql_qa\utils\preprocess.py[line:10] - EduRAG - INFO - 开始预处理文本
2026-08-23 18:56:34,102 - C:\Users\P72\PycharmProjects\AsIf\Itcast_qa_system\mysql_qa\utils\preprocess.py[line:10] - EduRAG - INFO - 开始预处理文本
2026-08-23 18:56:34,102 - C:\Users\P72\PycharmProjects\AsIf\Itcast_qa_system\mysql_qa\utils\preprocess.py[line:10] - EduRAG - INFO - 开始预处理文本
2026-08-23 18:56:34,102 - C:\Users\P72\PycharmProjects\AsIf\Itcast_qa_system\mysql_qa\utils\preprocess.py[line:10] - EduRAG - INFO - 开始预处理文本
2026-08-23 18:56:34,103 - C:\Users\P72\PycharmProjects\AsIf\Itcast_qa_system\mysql_qa\utils\preprocess.py[line:10] - EduRAG - INFO - 开始预处理文本
2026-08-23 18:56:34,103 - C:\Users\P72\PycharmProjects\AsIf\Itcast_qa_system\mysql_qa\utils\preprocess.py[line:10] - EduRAG - INFO - 开始预处理文本
2026-08-23 18:56:34,103 - C:\Users\P72\PycharmProjects\AsIf\Itcast_qa_system\mysql_qa\utils\preprocess.py[line:10] - EduRAG - INFO - 开始预处理文本
2026-08-23 18:56:34,103 - C:\Users\P72\PycharmProjects\AsIf\Itcast_qa_system\mysql_qa\utils\preprocess.py[line:10] - EduRAG - INFO - 开始预处理文本
2026-08-23 18:56:34,103 - C:\Users\P72\PycharmProjects\AsIf\Itcast_qa_system\mysql_qa\utils\preprocess.py[line:10] - EduRAG - INFO - 开始预处理文本
2026-08-23 18:56:34,103 - C:\Users\P72\PycharmProjects\AsIf\Itcast_qa_system\mysql_qa\utils\preprocess.py[line:10] - EduRAG - INFO - 开始预处理文本
2026-08-23 18:56:34,104 - C:\Users\P72\PycharmProjects\AsIf\Itcast_qa_system\mysql_qa\utils\preprocess.py[line:10] - EduRAG - INFO - 开始预处理文本
2026-08-23 18:56:34,104 - C:\Users\P72\PycharmProjects\AsIf\Itcast_qa_system\mysql_qa\utils\preprocess.py[line:10] - EduRAG - INFO - 开始预处理文本
2026-08-23 18:56:34,104 - C:\Users\P72\PycharmProjects\AsIf\Itcast_qa_system\mysql_qa\utils\preprocess.py[line:10] - EduRAG - INFO - 开始预处理文本
2026-08-23 18:56:34,104 - C:\Users\P72\PycharmProjects\AsIf\Itcast_qa_system\mysql_qa\utils\preprocess.py[line:10] - EduRAG - INFO - 开始预处理文本
2026-08-23 18:56:34,104 - C:\Users\P72\PycharmProjects\AsIf\Itcast_qa_system\mysql_qa\utils\preprocess.py[line:10] - EduRAG - INFO - 开始预处理文本
2026-08-23 18:56:34,105 - C:\Users\P72\PycharmProjects\AsIf\Itcast_qa_system\mysql_qa\utils\preprocess.py[line:10] - EduRAG - INFO - 开始预处理文本
2026-08-23 18:56:34,105 - C:\Users\P72\PycharmProjects\AsIf\Itcast_qa_system\mysql_qa\utils\preprocess.py[line:10] - EduRAG - INFO - 开始预处理文本
2026-08-23 18:56:34,105 - C:\Users\P72\PycharmProjects\AsIf\Itcast_qa_system\mysql_qa\utils\preprocess.py[line:10] - EduRAG - INFO - 开始预处理文本
2026-08-23 18:56:34,105 - C:\Users\P72\PycharmProjects\AsIf\Itcast_qa_system\mysql_qa\utils\preprocess.py[line:10] - EduRAG - INFO - 开始预处理文本
2026-08-23 18:56:34,105 - C:\Users\P72\PycharmProjects\AsIf\Itcast_qa_system\mysql_qa\utils\preprocess.py[line:10] - EduRAG - INFO - 开始预处理文本
2026-08-23 18:56:34,105 - C:\Users\P72\PycharmProjects\AsIf\Itcast_qa_system\mysql_qa\utils\preprocess.py[line:10] - EduRAG - INFO - 开始预处理文本
2026-08-23 18:56:34,106 - C:\Users\P72\PycharmProjects\AsIf\Itcast_qa_system\mysql_qa\utils\preprocess.py[line:10] - EduRAG - INFO - 开始预处理文本
2026-08-23 18:56:34,106 - C:\Users\P72\PycharmProjects\AsIf\Itcast_qa_system\mysql_qa\utils\preprocess.py[line:10] - EduRAG - INFO - 开始预处理文本
2026-08-23 18:56:34,106 - C:\Users\P72\PycharmProjects\AsIf\Itcast_qa_system\mysql_qa\utils\preprocess.py[line:10] - EduRAG - INFO - 开始预处理文本
2026-08-23 18:56:34,106 - C:\Users\P72\PycharmProjects\AsIf\Itcast_qa_system\mysql_qa\utils\preprocess.py[line:10] - EduRAG - INFO - 开始预处理文本
2026-08-23 18:56:34,106 - C:\Users\P72\PycharmProjects\AsIf\Itcast_qa_system\mysql_qa\utils\preprocess.py[line:10] - EduRAG - INFO - 开始预处理文本
2026-08-23 18:56:34,106 - C:\Users\P72\PycharmProjects\AsIf\Itcast_qa_system\mysql_qa\utils\preprocess.py[line:10] - EduRAG - INFO - 开始预处理文本
2026-08-23 18:56:34,107 - C:\Users\P72\PycharmProjects\AsIf\Itcast_qa_system\mysql_qa\utils\preprocess.py[line:10] - EduRAG - INFO - 开始预处理文本
2026-08-23 18:56:34,107 - C:\Users\P72\PycharmProjects\AsIf\Itcast_qa_system\mysql_qa\utils\preprocess.py[line:10] - EduRAG - INFO - 开始预处理文本
2026-08-23 18:56:34,107 - C:\Users\P72\PycharmProjects\AsIf\Itcast_qa_system\mysql_qa\utils\preprocess.py[line:10] - EduRAG - INFO - 开始预处理文本
2026-08-23 18:56:34,107 - C:\Users\P72\PycharmProjects\AsIf\Itcast_qa_system\mysql_qa\utils\preprocess.py[line:10] - EduRAG - INFO - 开始预处理文本
2026-08-23 18:56:34,107 - C:\Users\P72\PycharmProjects\AsIf\Itcast_qa_system\mysql_qa\utils\preprocess.py[line:10] - EduRAG - INFO - 开始预处理文本
2026-08-23 18:56:34,107 - C:\Users\P72\PycharmProjects\AsIf\Itcast_qa_system\mysql_qa\utils\preprocess.py[line:10] - EduRAG - INFO - 开始预处理文本
2026-08-23 18:56:34,108 - C:\Users\P72\PycharmProjects\AsIf\Itcast_qa_system\mysql_qa\utils\preprocess.py[line:10] - EduRAG - INFO - 开始预处理文本
2026-08-23 18:56:34,108 - C:\Users\P72\PycharmProjects\AsIf\Itcast_qa_system\mysql_qa\utils\preprocess.py[line:10] - EduRAG - INFO - 开始预处理文本
2026-08-23 18:56:34,108 - C:\Users\P72\PycharmProjects\AsIf\Itcast_qa_system\mysql_qa\utils\preprocess.py[line:10] - EduRAG - INFO - 开始预处理文本
2026-08-23 18:56:34,108 - C:\Users\P72\PycharmProjects\AsIf\Itcast_qa_system\mysql_qa\utils\preprocess.py[line:10] - EduRAG - INFO - 开始预处理文本
2026-08-23 18:56:34,108 - C:\Users\P72\PycharmProjects\AsIf\Itcast_qa_system\mysql_qa\utils\preprocess.py[line:10] - EduRAG - INFO - 开始预处理文本
2026-08-23 18:56:34,108 - C:\Users\P72\PycharmProjects\AsIf\Itcast_qa_system\mysql_qa\utils\preprocess.py[line:10] - EduRAG - INFO - 开始预处理文本
2026-08-23 18:56:34,109 - C:\Users\P72\PycharmProjects\AsIf\Itcast_qa_system\mysql_qa\utils\preprocess.py[line:10] - EduRAG - INFO - 开始预处理文本
2026-08-23 18:56:34,109 - C:\Users\P72\PycharmProjects\AsIf\Itcast_qa_system\mysql_qa\utils\preprocess.py[line:10] - EduRAG - INFO - 开始预处理文本
2026-08-23 18:56:34,109 - C:\Users\P72\PycharmProjects\AsIf\Itcast_qa_system\mysql_qa\utils\preprocess.py[line:10] - EduRAG - INFO - 开始预处理文本
2026-08-23 18:56:34,109 - C:\Users\P72\PycharmProjects\AsIf\Itcast_qa_system\mysql_qa\utils\preprocess.py[line:10] - EduRAG - INFO - 开始预处理文本
2026-08-23 18:56:34,109 - C:\Users\P72\PycharmProjects\AsIf\Itcast_qa_system\mysql_qa\utils\preprocess.py[line:10] - EduRAG - INFO - 开始预处理文本
2026-08-23 18:56:34,109 - C:\Users\P72\PycharmProjects\AsIf\Itcast_qa_system\mysql_qa\utils\preprocess.py[line:10] - EduRAG - INFO - 开始预处理文本
2026-08-23 18:56:34,109 - C:\Users\P72\PycharmProjects\AsIf\Itcast_qa_system\mysql_qa\utils\preprocess.py[line:10] - EduRAG - INFO - 开始预处理文本
2026-08-23 18:56:34,109 - C:\Users\P72\PycharmProjects\AsIf\Itcast_qa_system\mysql_qa\utils\preprocess.py[line:10] - EduRAG - INFO - 开始预处理文本
2026-08-23 18:56:34,110 - C:\Users\P72\PycharmProjects\AsIf\Itcast_qa_system\mysql_qa\utils\preprocess.py[line:10] - EduRAG - INFO - 开始预处理文本
2026-08-23 18:56:34,110 - C:\Users\P72\PycharmProjects\AsIf\Itcast_qa_system\mysql_qa\utils\preprocess.py[line:10] - EduRAG - INFO - 开始预处理文本
2026-08-23 18:56:34,110 - C:\Users\P72\PycharmProjects\AsIf\Itcast_qa_system\mysql_qa\utils\preprocess.py[line:10] - EduRAG - INFO - 开始预处理文本
2026-08-23 18:56:34,110 - C:\Users\P72\PycharmProjects\AsIf\Itcast_qa_system\mysql_qa\utils\preprocess.py[line:10] - EduRAG - INFO - 开始预处理文本
2026-08-23 18:56:34,110 - C:\Users\P72\PycharmProjects\AsIf\Itcast_qa_system\mysql_qa\utils\preprocess.py[line:10] - EduRAG - INFO - 开始预处理文本
2026-08-23 18:56:34,110 - C:\Users\P72\PycharmProjects\AsIf\Itcast_qa_system\mysql_qa\utils\preprocess.py[line:10] - EduRAG - INFO - 开始预处理文本
2026-08-23 18:56:34,110 - C:\Users\P72\PycharmProjects\AsIf\Itcast_qa_system\mysql_qa\utils\preprocess.py[line:10] - EduRAG - INFO - 开始预处理文本
2026-08-23 18:56:34,111 - C:\Users\P72\PycharmProjects\AsIf\Itcast_qa_system\mysql_qa\utils\preprocess.py[line:10] - EduRAG - INFO - 开始预处理文本
2026-08-23 18:56:34,111 - C:\Users\P72\PycharmProjects\AsIf\Itcast_qa_system\mysql_qa\utils\preprocess.py[line:10] - EduRAG - INFO - 开始预处理文本
2026-08-23 18:56:34,111 - C:\Users\P72\PycharmProjects\AsIf\Itcast_qa_system\mysql_qa\utils\preprocess.py[line:10] - EduRAG - INFO - 开始预处理文本
2026-08-23 18:56:34,111 - C:\Users\P72\PycharmProjects\AsIf\Itcast_qa_system\mysql_qa\utils\preprocess.py[line:10] - EduRAG - INFO - 开始预处理文本
2026-08-23 18:56:34,111 - C:\Users\P72\PycharmProjects\AsIf\Itcast_qa_system\mysql_qa\utils\preprocess.py[line:10] - EduRAG - INFO - 开始预处理文本
2026-08-23 18:56:34,111 - C:\Users\P72\PycharmProjects\AsIf\Itcast_qa_system\mysql_qa\utils\preprocess.py[line:10] - EduRAG - INFO - 开始预处理文本
2026-08-23 18:56:34,111 - C:\Users\P72\PycharmProjects\AsIf\Itcast_qa_system\mysql_qa\utils\preprocess.py[line:10] - EduRAG - INFO - 开始预处理文本
2026-08-23 18:56:34,112 - C:\Users\P72\PycharmProjects\AsIf\Itcast_qa_system\mysql_qa\utils\preprocess.py[line:10] - EduRAG - INFO - 开始预处理文本
2026-08-23 18:56:34,112 - C:\Users\P72\PycharmProjects\AsIf\Itcast_qa_system\mysql_qa\utils\preprocess.py[line:10] - EduRAG - INFO - 开始预处理文本
2026-08-23 18:56:34,112 - C:\Users\P72\PycharmProjects\AsIf\Itcast_qa_system\mysql_qa\utils\preprocess.py[line:10] - EduRAG - INFO - 开始预处理文本
2026-08-23 18:56:34,112 - C:\Users\P72\PycharmProjects\AsIf\Itcast_qa_system\mysql_qa\utils\preprocess.py[line:10] - EduRAG - INFO - 开始预处理文本
2026-08-23 18:56:34,112 - C:\Users\P72\PycharmProjects\AsIf\Itcast_qa_system\mysql_qa\utils\preprocess.py[line:10] - EduRAG - INFO - 开始预处理文本
2026-08-23 18:56:34,112 - C:\Users\P72\PycharmProjects\AsIf\Itcast_qa_system\mysql_qa\utils\preprocess.py[line:10] - EduRAG - INFO - 开始预处理文本
2026-08-23 18:56:34,113 - C:\Users\P72\PycharmProjects\AsIf\Itcast_qa_system\mysql_qa\utils\preprocess.py[line:10] - EduRAG - INFO - 开始预处理文本
2026-08-23 18:56:34,113 - C:\Users\P72\PycharmProjects\AsIf\Itcast_qa_system\mysql_qa\utils\preprocess.py[line:10] - EduRAG - INFO - 开始预处理文本
2026-08-23 18:56:34,113 - C:\Users\P72\PycharmProjects\AsIf\Itcast_qa_system\mysql_qa\utils\preprocess.py[line:10] - EduRAG - INFO - 开始预处理文本
2026-08-23 18:56:34,113 - C:\Users\P72\PycharmProjects\AsIf\Itcast_qa_system\mysql_qa\utils\preprocess.py[line:10] - EduRAG - INFO - 开始预处理文本
2026-08-23 18:56:34,113 - C:\Users\P72\PycharmProjects\AsIf\Itcast_qa_system\mysql_qa\utils\preprocess.py[line:10] - EduRAG - INFO - 开始预处理文本
2026-08-23 18:56:34,113 - C:\Users\P72\PycharmProjects\AsIf\Itcast_qa_system\mysql_qa\utils\preprocess.py[line:10] - EduRAG - INFO - 开始预处理文本
2026-08-23 18:56:34,113 - C:\Users\P72\PycharmProjects\AsIf\Itcast_qa_system\mysql_qa\utils\preprocess.py[line:10] - EduRAG - INFO - 开始预处理文本
2026-08-23 18:56:34,113 - C:\Users\P72\PycharmProjects\AsIf\Itcast_qa_system\mysql_qa\utils\preprocess.py[line:10] - EduRAG - INFO - 开始预处理文本
2026-08-23 18:56:34,114 - C:\Users\P72\PycharmProjects\AsIf\Itcast_qa_system\mysql_qa\utils\preprocess.py[line:10] - EduRAG - INFO - 开始预处理文本
2026-08-23 18:56:34,114 - C:\Users\P72\PycharmProjects\AsIf\Itcast_qa_system\mysql_qa\utils\preprocess.py[line:10] - EduRAG - INFO - 开始预处理文本
2026-08-23 18:56:34,114 - C:\Users\P72\PycharmProjects\AsIf\Itcast_qa_system\mysql_qa\utils\preprocess.py[line:10] - EduRAG - INFO - 开始预处理文本
2026-08-23 18:56:34,114 - C:\Users\P72\PycharmProjects\AsIf\Itcast_qa_system\mysql_qa\utils\preprocess.py[line:10] - EduRAG - INFO - 开始预处理文本
2026-08-23 18:56:34,114 - C:\Users\P72\PycharmProjects\AsIf\Itcast_qa_system\mysql_qa\utils\preprocess.py[line:10] - EduRAG - INFO - 开始预处理文本
2026-08-23 18:56:34,114 - C:\Users\P72\PycharmProjects\AsIf\Itcast_qa_system\mysql_qa\utils\preprocess.py[line:10] - EduRAG - INFO - 开始预处理文本
2026-08-23 18:56:34,114 - C:\Users\P72\PycharmProjects\AsIf\Itcast_qa_system\mysql_qa\utils\preprocess.py[line:10] - EduRAG - INFO - 开始预处理文本
2026-08-23 18:56:34,115 - C:\Users\P72\PycharmProjects\AsIf\Itcast_qa_system\mysql_qa\utils\preprocess.py[line:10] - EduRAG - INFO - 开始预处理文本
2026-08-23 18:56:34,115 - C:\Users\P72\PycharmProjects\AsIf\Itcast_qa_system\mysql_qa\utils\preprocess.py[line:10] - EduRAG - INFO - 开始预处理文本
2026-08-23 18:56:34,115 - C:\Users\P72\PycharmProjects\AsIf\Itcast_qa_system\mysql_qa\utils\preprocess.py[line:10] - EduRAG - INFO - 开始预处理文本
2026-08-23 18:56:34,115 - C:\Users\P72\PycharmProjects\AsIf\Itcast_qa_system\mysql_qa\utils\preprocess.py[line:10] - EduRAG - INFO - 开始预处理文本
2026-08-23 18:56:34,115 - C:\Users\P72\PycharmProjects\AsIf\Itcast_qa_system\mysql_qa\utils\preprocess.py[line:10] - EduRAG - INFO - 开始预处理文本
2026-08-23 18:56:34,115 - C:\Users\P72\PycharmProjects\AsIf\Itcast_qa_system\mysql_qa\utils\preprocess.py[line:10] - EduRAG - INFO - 开始预处理文本
2026-08-23 18:56:34,116 - C:\Users\P72\PycharmProjects\AsIf\Itcast_qa_system\mysql_qa\utils\preprocess.py[line:10] - EduRAG - INFO - 开始预处理文本
2026-08-23 18:56:34,116 - C:\Users\P72\PycharmProjects\AsIf\Itcast_qa_system\mysql_qa\utils\preprocess.py[line:10] - EduRAG - INFO - 开始预处理文本
2026-08-23 18:56:34,116 - C:\Users\P72\PycharmProjects\AsIf\Itcast_qa_system\mysql_qa\utils\preprocess.py[line:10] - EduRAG - INFO - 开始预处理文本
2026-08-23 18:56:34,116 - C:\Users\P72\PycharmProjects\AsIf\Itcast_qa_system\mysql_qa\utils\preprocess.py[line:10] - EduRAG - INFO - 开始预处理文本
2026-08-23 18:56:34,116 - C:\Users\P72\PycharmProjects\AsIf\Itcast_qa_system\mysql_qa\utils\preprocess.py[line:10] - EduRAG - INFO - 开始预处理文本
2026-08-23 18:56:34,116 - C:\Users\P72\PycharmProjects\AsIf\Itcast_qa_system\mysql_qa\utils\preprocess.py[line:10] - EduRAG - INFO - 开始预处理文本
2026-08-23 18:56:34,117 - C:\Users\P72\PycharmProjects\AsIf\Itcast_qa_system\mysql_qa\utils\preprocess.py[line:10] - EduRAG - INFO - 开始预处理文本
2026-08-23 18:56:34,117 - C:\Users\P72\PycharmProjects\AsIf\Itcast_qa_system\mysql_qa\utils\preprocess.py[line:10] - EduRAG - INFO - 开始预处理文本
2026-08-23 18:56:34,117 - C:\Users\P72\PycharmProjects\AsIf\Itcast_qa_system\mysql_qa\utils\preprocess.py[line:10] - EduRAG - INFO - 开始预处理文本
2026-08-23 18:56:34,117 - C:\Users\P72\PycharmProjects\AsIf\Itcast_qa_system\mysql_qa\utils\preprocess.py[line:10] - EduRAG - INFO - 开始预处理文本
2026-08-23 18:56:34,117 - C:\Users\P72\PycharmProjects\AsIf\Itcast_qa_system\mysql_qa\utils\preprocess.py[line:10] - EduRAG - INFO - 开始预处理文本
2026-08-23 18:56:34,117 - C:\Users\P72\PycharmProjects\AsIf\Itcast_qa_system\mysql_qa\utils\preprocess.py[line:10] - EduRAG - INFO - 开始预处理文本
2026-08-23 18:56:34,118 - C:\Users\P72\PycharmProjects\AsIf\Itcast_qa_system\mysql_qa\utils\preprocess.py[line:10] - EduRAG - INFO - 开始预处理文本
2026-08-23 18:56:34,118 - C:\Users\P72\PycharmProjects\AsIf\Itcast_qa_system\mysql_qa\utils\preprocess.py[line:10] - EduRAG - INFO - 开始预处理文本
2026-08-23 18:56:34,118 - C:\Users\P72\PycharmProjects\AsIf\Itcast_qa_system\mysql_qa\utils\preprocess.py[line:10] - EduRAG - INFO - 开始预处理文本
2026-08-23 18:56:34,118 - C:\Users\P72\PycharmProjects\AsIf\Itcast_qa_system\mysql_qa\utils\preprocess.py[line:10] - EduRAG - INFO - 开始预处理文本
2026-08-23 18:56:34,118 - C:\Users\P72\PycharmProjects\AsIf\Itcast_qa_system\mysql_qa\utils\preprocess.py[line:10] - EduRAG - INFO - 开始预处理文本
2026-08-23 18:56:34,118 - C:\Users\P72\PycharmProjects\AsIf\Itcast_qa_system\mysql_qa\utils\preprocess.py[line:10] - EduRAG - INFO - 开始预处理文本
2026-08-23 18:56:34,119 - C:\Users\P72\PycharmProjects\AsIf\Itcast_qa_system\mysql_qa\utils\preprocess.py[line:10] - EduRAG - INFO - 开始预处理文本
2026-08-23 18:56:34,119 - C:\Users\P72\PycharmProjects\AsIf\Itcast_qa_system\mysql_qa\utils\preprocess.py[line:10] - EduRAG - INFO - 开始预处理文本
2026-08-23 18:56:34,119 - C:\Users\P72\PycharmProjects\AsIf\Itcast_qa_system\mysql_qa\utils\preprocess.py[line:10] - EduRAG - INFO - 开始预处理文本
2026-08-23 18:56:34,119 - C:\Users\P72\PycharmProjects\AsIf\Itcast_qa_system\mysql_qa\utils\preprocess.py[line:10] - EduRAG - INFO - 开始预处理文本
2026-08-23 18:56:34,119 - C:\Users\P72\PycharmProjects\AsIf\Itcast_qa_system\mysql_qa\utils\preprocess.py[line:10] - EduRAG - INFO - 开始预处理文本
2026-08-23 18:56:34,119 - C:\Users\P72\PycharmProjects\AsIf\Itcast_qa_system\mysql_qa\utils\preprocess.py[line:10] - EduRAG - INFO - 开始预处理文本
2026-08-23 18:56:34,119 - C:\Users\P72\PycharmProjects\AsIf\Itcast_qa_system\mysql_qa\utils\preprocess.py[line:10] - EduRAG - INFO - 开始预处理文本
2026-08-23 18:56:34,119 - C:\Users\P72\PycharmProjects\AsIf\Itcast_qa_system\mysql_qa\utils\preprocess.py[line:10] - EduRAG - INFO - 开始预处理文本
2026-08-23 18:56:34,120 - C:\Users\P72\PycharmProjects\AsIf\Itcast_qa_system\mysql_qa\utils\preprocess.py[line:10] - EduRAG - INFO - 开始预处理文本
2026-08-23 18:56:34,120 - C:\Users\P72\PycharmProjects\AsIf\Itcast_qa_system\mysql_qa\utils\preprocess.py[line:10] - EduRAG - INFO - 开始预处理文本
2026-08-23 18:56:34,120 - C:\Users\P72\PycharmProjects\AsIf\Itcast_qa_system\mysql_qa\utils\preprocess.py[line:10] - EduRAG - INFO - 开始预处理文本
2026-08-23 18:56:34,120 - C:\Users\P72\PycharmProjects\AsIf\Itcast_qa_system\mysql_qa\utils\preprocess.py[line:10] - EduRAG - INFO - 开始预处理文本
2026-08-23 18:56:34,120 - C:\Users\P72\PycharmProjects\AsIf\Itcast_qa_system\mysql_qa\utils\preprocess.py[line:10] - EduRAG - INFO - 开始预处理文本
2026-08-23 18:56:34,120 - C:\Users\P72\PycharmProjects\AsIf\Itcast_qa_system\mysql_qa\utils\preprocess.py[line:10] - EduRAG - INFO - 开始预处理文本
2026-08-23 18:56:34,120 - C:\Users\P72\PycharmProjects\AsIf\Itcast_qa_system\mysql_qa\utils\preprocess.py[line:10] - EduRAG - INFO - 开始预处理文本
2026-08-23 18:56:34,121 - C:\Users\P72\PycharmProjects\AsIf\Itcast_qa_system\mysql_qa\utils\preprocess.py[line:10] - EduRAG - INFO - 开始预处理文本
2026-08-23 18:56:34,121 - C:\Users\P72\PycharmProjects\AsIf\Itcast_qa_system\mysql_qa\utils\preprocess.py[line:10] - EduRAG - INFO - 开始预处理文本
2026-08-23 18:56:34,121 - C:\Users\P72\PycharmProjects\AsIf\Itcast_qa_system\mysql_qa\utils\preprocess.py[line:10] - EduRAG - INFO - 开始预处理文本
2026-08-23 18:56:34,121 - C:\Users\P72\PycharmProjects\AsIf\Itcast_qa_system\mysql_qa\utils\preprocess.py[line:10] - EduRAG - INFO - 开始预处理文本
2026-08-23 18:56:34,121 - C:\Users\P72\PycharmProjects\AsIf\Itcast_qa_system\mysql_qa\utils\preprocess.py[line:10] - EduRAG - INFO - 开始预处理文本
2026-08-23 18:56:34,121 - C:\Users\P72\PycharmProjects\AsIf\Itcast_qa_system\mysql_qa\utils\preprocess.py[line:10] - EduRAG - INFO - 开始预处理文本
2026-08-23 18:56:34,121 - C:\Users\P72\PycharmProjects\AsIf\Itcast_qa_system\mysql_qa\utils\preprocess.py[line:10] - EduRAG - INFO - 开始预处理文本
2026-08-23 18:56:34,122 - C:\Users\P72\PycharmProjects\AsIf\Itcast_qa_system\mysql_qa\utils\preprocess.py[line:10] - EduRAG - INFO - 开始预处理文本
2026-08-23 18:56:34,122 - C:\Users\P72\PycharmProjects\AsIf\Itcast_qa_system\mysql_qa\utils\preprocess.py[line:10] - EduRAG - INFO - 开始预处理文本
2026-08-23 18:56:34,122 - C:\Users\P72\PycharmProjects\AsIf\Itcast_qa_system\mysql_qa\utils\preprocess.py[line:10] - EduRAG - INFO - 开始预处理文本
2026-08-23 18:56:34,122 - C:\Users\P72\PycharmProjects\AsIf\Itcast_qa_system\mysql_qa\utils\preprocess.py[line:10] - EduRAG - INFO - 开始预处理文本
2026-08-23 18:56:34,122 - C:\Users\P72\PycharmProjects\AsIf\Itcast_qa_system\mysql_qa\utils\preprocess.py[line:10] - EduRAG - INFO - 开始预处理文本
2026-08-23 18:56:34,122 - C:\Users\P72\PycharmProjects\AsIf\Itcast_qa_system\mysql_qa\utils\preprocess.py[line:10] - EduRAG - INFO - 开始预处理文本
2026-08-23 18:56:34,122 - C:\Users\P72\PycharmProjects\AsIf\Itcast_qa_system\mysql_qa\utils\preprocess.py[line:10] - EduRAG - INFO - 开始预处理文本
2026-08-23 18:56:34,122 - C:\Users\P72\PycharmProjects\AsIf\Itcast_qa_system\mysql_qa\utils\preprocess.py[line:10] - EduRAG - INFO - 开始预处理文本
2026-08-23 18:56:34,123 - C:\Users\P72\PycharmProjects\AsIf\Itcast_qa_system\mysql_qa\utils\preprocess.py[line:10] - EduRAG - INFO - 开始预处理文本
2026-08-23 18:56:34,123 - C:\Users\P72\PycharmProjects\AsIf\Itcast_qa_system\mysql_qa\utils\preprocess.py[line:10] - EduRAG - INFO - 开始预处理文本
2026-08-23 18:56:34,123 - C:\Users\P72\PycharmProjects\AsIf\Itcast_qa_system\mysql_qa\utils\preprocess.py[line:10] - EduRAG - INFO - 开始预处理文本
2026-08-23 18:56:34,123 - C:\Users\P72\PycharmProjects\AsIf\Itcast_qa_system\mysql_qa\utils\preprocess.py[line:10] - EduRAG - INFO - 开始预处理文本
2026-08-23 18:56:34,123 - C:\Users\P72\PycharmProjects\AsIf\Itcast_qa_system\mysql_qa\utils\preprocess.py[line:10] - EduRAG - INFO - 开始预处理文本
2026-08-23 18:56:34,123 - C:\Users\P72\PycharmProjects\AsIf\Itcast_qa_system\mysql_qa\utils\preprocess.py[line:10] - EduRAG - INFO - 开始预处理文本
2026-08-23 18:56:34,123 - C:\Users\P72\PycharmProjects\AsIf\Itcast_qa_system\mysql_qa\utils\preprocess.py[line:10] - EduRAG - INFO - 开始预处理文本
2026-08-23 18:56:34,123 - C:\Users\P72\PycharmProjects\AsIf\Itcast_qa_system\mysql_qa\utils\preprocess.py[line:10] - EduRAG - INFO - 开始预处理文本
2026-08-23 18:56:34,124 - C:\Users\P72\PycharmProjects\AsIf\Itcast_qa_system\mysql_qa\utils\preprocess.py[line:10] - EduRAG - INFO - 开始预处理文本
2026-08-23 18:56:34,124 - C:\Users\P72\PycharmProjects\AsIf\Itcast_qa_system\mysql_qa\utils\preprocess.py[line:10] - EduRAG - INFO - 开始预处理文本
2026-08-23 18:56:34,124 - C:\Users\P72\PycharmProjects\AsIf\Itcast_qa_system\mysql_qa\utils\preprocess.py[line:10] - EduRAG - INFO - 开始预处理文本
2026-08-23 18:56:34,124 - C:\Users\P72\PycharmProjects\AsIf\Itcast_qa_system\mysql_qa\utils\preprocess.py[line:10] - EduRAG - INFO - 开始预处理文本
2026-08-23 18:56:34,124 - C:\Users\P72\PycharmProjects\AsIf\Itcast_qa_system\mysql_qa\utils\preprocess.py[line:10] - EduRAG - INFO - 开始预处理文本
2026-08-23 18:56:34,124 - C:\Users\P72\PycharmProjects\AsIf\Itcast_qa_system\mysql_qa\utils\preprocess.py[line:10] - EduRAG - INFO - 开始预处理文本
2026-08-23 18:56:34,125 - C:\Users\P72\PycharmProjects\AsIf\Itcast_qa_system\mysql_qa\utils\preprocess.py[line:10] - EduRAG - INFO - 开始预处理文本
2026-08-23 18:56:34,125 - C:\Users\P72\PycharmProjects\AsIf\Itcast_qa_system\mysql_qa\utils\preprocess.py[line:10] - EduRAG - INFO - 开始预处理文本
2026-08-23 18:56:34,125 - C:\Users\P72\PycharmProjects\AsIf\Itcast_qa_system\mysql_qa\utils\preprocess.py[line:10] - EduRAG - INFO - 开始预处理文本
2026-08-23 18:56:34,125 - C:\Users\P72\PycharmProjects\AsIf\Itcast_qa_system\mysql_qa\utils\preprocess.py[line:10] - EduRAG - INFO - 开始预处理文本
2026-08-23 18:56:34,125 - C:\Users\P72\PycharmProjects\AsIf\Itcast_qa_system\mysql_qa\utils\preprocess.py[line:10] - EduRAG - INFO - 开始预处理文本
2026-08-23 18:56:34,125 - C:\Users\P72\PycharmProjects\AsIf\Itcast_qa_system\mysql_qa\utils\preprocess.py[line:10] - EduRAG - INFO - 开始预处理文本
2026-08-23 18:56:34,125 - C:\Users\P72\PycharmProjects\AsIf\Itcast_qa_system\mysql_qa\utils\preprocess.py[line:10] - EduRAG - INFO - 开始预处理文本
2026-08-23 18:56:34,125 - C:\Users\P72\PycharmProjects\AsIf\Itcast_qa_system\mysql_qa\utils\preprocess.py[line:10] - EduRAG - INFO - 开始预处理文本
2026-08-23 18:56:34,126 - C:\Users\P72\PycharmProjects\AsIf\Itcast_qa_system\mysql_qa\utils\preprocess.py[line:10] - EduRAG - INFO - 开始预处理文本
2026-08-23 18:56:34,126 - C:\Users\P72\PycharmProjects\AsIf\Itcast_qa_system\mysql_qa\utils\preprocess.py[line:10] - EduRAG - INFO - 开始预处理文本
2026-08-23 18:56:34,126 - C:\Users\P72\PycharmProjects\AsIf\Itcast_qa_system\mysql_qa\utils\preprocess.py[line:10] - EduRAG - INFO - 开始预处理文本
2026-08-23 18:56:34,126 - C:\Users\P72\PycharmProjects\AsIf\Itcast_qa_system\mysql_qa\utils\preprocess.py[line:10] - EduRAG - INFO - 开始预处理文本
2026-08-23 18:56:34,126 - C:\Users\P72\PycharmProjects\AsIf\Itcast_qa_system\mysql_qa\utils\preprocess.py[line:10] - EduRAG - INFO - 开始预处理文本
2026-08-23 18:56:34,126 - C:\Users\P72\PycharmProjects\AsIf\Itcast_qa_system\mysql_qa\utils\preprocess.py[line:10] - EduRAG - INFO - 开始预处理文本
2026-08-23 18:56:34,126 - C:\Users\P72\PycharmProjects\AsIf\Itcast_qa_system\mysql_qa\utils\preprocess.py[line:10] - EduRAG - INFO - 开始预处理文本
2026-08-23 18:56:34,127 - C:\Users\P72\PycharmProjects\AsIf\Itcast_qa_system\mysql_qa\utils\preprocess.py[line:10] - EduRAG - INFO - 开始预处理文本
2026-08-23 18:56:34,127 - C:\Users\P72\PycharmProjects\AsIf\Itcast_qa_system\mysql_qa\utils\preprocess.py[line:10] - EduRAG - INFO - 开始预处理文本
2026-08-23 18:56:34,127 - C:\Users\P72\PycharmProjects\AsIf\Itcast_qa_system\mysql_qa\utils\preprocess.py[line:10] - EduRAG - INFO - 开始预处理文本
2026-08-23 18:56:34,127 - C:\Users\P72\PycharmProjects\AsIf\Itcast_qa_system\mysql_qa\utils\preprocess.py[line:10] - EduRAG - INFO - 开始预处理文本
2026-08-23 18:56:34,127 - C:\Users\P72\PycharmProjects\AsIf\Itcast_qa_system\mysql_qa\utils\preprocess.py[line:10] - EduRAG - INFO - 开始预处理文本
2026-08-23 18:56:34,127 - C:\Users\P72\PycharmProjects\AsIf\Itcast_qa_system\mysql_qa\utils\preprocess.py[line:10] - EduRAG - INFO - 开始预处理文本
2026-08-23 18:56:34,127 - C:\Users\P72\PycharmProjects\AsIf\Itcast_qa_system\mysql_qa\utils\preprocess.py[line:10] - EduRAG - INFO - 开始预处理文本
2026-08-23 18:56:34,128 - C:\Users\P72\PycharmProjects\AsIf\Itcast_qa_system\mysql_qa\utils\preprocess.py[line:10] - EduRAG - INFO - 开始预处理文本
2026-08-23 18:56:34,128 - C:\Users\P72\PycharmProjects\AsIf\Itcast_qa_system\mysql_qa\utils\preprocess.py[line:10] - EduRAG - INFO - 开始预处理文本
2026-08-23 18:56:34,128 - C:\Users\P72\PycharmProjects\AsIf\Itcast_qa_system\mysql_qa\utils\preprocess.py[line:10] - EduRAG - INFO - 开始预处理文本
2026-08-23 18:56:34,128 - C:\Users\P72\PycharmProjects\AsIf\Itcast_qa_system\mysql_qa\utils\preprocess.py[line:10] - EduRAG - INFO - 开始预处理文本
2026-08-23 18:56:34,129 - C:\Users\P72\PycharmProjects\AsIf\Itcast_qa_system\mysql_qa\utils\preprocess.py[line:10] - EduRAG - INFO - 开始预处理文本
2026-08-23 18:56:34,129 - C:\Users\P72\PycharmProjects\AsIf\Itcast_qa_system\mysql_qa\utils\preprocess.py[line:10] - EduRAG - INFO - 开始预处理文本
2026-08-23 18:56:34,129 - C:\Users\P72\PycharmProjects\AsIf\Itcast_qa_system\mysql_qa\utils\preprocess.py[line:10] - EduRAG - INFO - 开始预处理文本
2026-08-23 18:56:34,129 - C:\Users\P72\PycharmProjects\AsIf\Itcast_qa_system\mysql_qa\utils\preprocess.py[line:10] - EduRAG - INFO - 开始预处理文本
2026-08-23 18:56:34,129 - C:\Users\P72\PycharmProjects\AsIf\Itcast_qa_system\mysql_qa\utils\preprocess.py[line:10] - EduRAG - INFO - 开始预处理文本
2026-08-23 18:56:34,129 - C:\Users\P72\PycharmProjects\AsIf\Itcast_qa_system\mysql_qa\utils\preprocess.py[line:10] - EduRAG - INFO - 开始预处理文本
2026-08-23 18:56:34,129 - C:\Users\P72\PycharmProjects\AsIf\Itcast_qa_system\mysql_qa\utils\preprocess.py[line:10] - EduRAG - INFO - 开始预处理文本
2026-08-23 18:56:34,129 - C:\Users\P72\PycharmProjects\AsIf\Itcast_qa_system\mysql_qa\utils\preprocess.py[line:10] - EduRAG - INFO - 开始预处理文本
2026-08-23 18:56:34,130 - C:\Users\P72\PycharmProjects\AsIf\Itcast_qa_system\mysql_qa\utils\preprocess.py[line:10] - EduRAG - INFO - 开始预处理文本
2026-08-23 18:56:34,130 - C:\Users\P72\PycharmProjects\AsIf\Itcast_qa_system\mysql_qa\utils\preprocess.py[line:10] - EduRAG - INFO - 开始预处理文本
2026-08-23 18:56:34,130 - C:\Users\P72\PycharmProjects\AsIf\Itcast_qa_system\mysql_qa\utils\preprocess.py[line:10] - EduRAG - INFO - 开始预处理文本
2026-08-23 18:56:34,130 - C:\Users\P72\PycharmProjects\AsIf\Itcast_qa_system\mysql_qa\utils\preprocess.py[line:10] - EduRAG - INFO - 开始预处理文本
2026-08-23 18:56:34,130 - C:\Users\P72\PycharmProjects\AsIf\Itcast_qa_system\mysql_qa\utils\preprocess.py[line:10] - EduRAG - INFO - 开始预处理文本
2026-08-23 18:56:34,131 - C:\Users\P72\PycharmProjects\AsIf\Itcast_qa_system\mysql_qa\utils\preprocess.py[line:10] - EduRAG - INFO - 开始预处理文本
2026-08-23 18:56:34,131 - C:\Users\P72\PycharmProjects\AsIf\Itcast_qa_system\mysql_qa\utils\preprocess.py[line:10] - EduRAG - INFO - 开始预处理文本
2026-08-23 18:56:34,131 - C:\Users\P72\PycharmProjects\AsIf\Itcast_qa_system\mysql_qa\utils\preprocess.py[line:10] - EduRAG - INFO - 开始预处理文本
2026-08-23 18:56:34,131 - C:\Users\P72\PycharmProjects\AsIf\Itcast_qa_system\mysql_qa\utils\preprocess.py[line:10] - EduRAG - INFO - 开始预处理文本
2026-08-23 18:56:34,131 - C:\Users\P72\PycharmProjects\AsIf\Itcast_qa_system\mysql_qa\utils\preprocess.py[line:10] - EduRAG - INFO - 开始预处理文本
2026-08-23 18:56:34,132 - C:\Users\P72\PycharmProjects\AsIf\Itcast_qa_system\mysql_qa\utils\preprocess.py[line:10] - EduRAG - INFO - 开始预处理文本
2026-08-23 18:56:34,132 - C:\Users\P72\PycharmProjects\AsIf\Itcast_qa_system\mysql_qa\utils\preprocess.py[line:10] - EduRAG - INFO - 开始预处理文本
2026-08-23 18:56:34,132 - C:\Users\P72\PycharmProjects\AsIf\Itcast_qa_system\mysql_qa\utils\preprocess.py[line:10] - EduRAG - INFO - 开始预处理文本
2026-08-23 18:56:34,132 - C:\Users\P72\PycharmProjects\AsIf\Itcast_qa_system\mysql_qa\utils\preprocess.py[line:10] - EduRAG - INFO - 开始预处理文本
2026-08-23 18:56:34,132 - C:\Users\P72\PycharmProjects\AsIf\Itcast_qa_system\mysql_qa\utils\preprocess.py[line:10] - EduRAG - INFO - 开始预处理文本
2026-08-23 18:56:34,133 - C:\Users\P72\PycharmProjects\AsIf\Itcast_qa_system\mysql_qa\utils\preprocess.py[line:10] - EduRAG - INFO - 开始预处理文本
2026-08-23 18:56:34,133 - C:\Users\P72\PycharmProjects\AsIf\Itcast_qa_system\mysql_qa\utils\preprocess.py[line:10] - EduRAG - INFO - 开始预处理文本
2026-08-23 18:56:34,133 - C:\Users\P72\PycharmProjects\AsIf\Itcast_qa_system\mysql_qa\utils\preprocess.py[line:10] - EduRAG - INFO - 开始预处理文本
2026-08-23 18:56:34,134 - C:\Users\P72\PycharmProjects\AsIf\Itcast_qa_system\mysql_qa\utils\preprocess.py[line:10] - EduRAG - INFO - 开始预处理文本
2026-08-23 18:56:34,135 - C:\Users\P72\PycharmProjects\AsIf\Itcast_qa_system\mysql_qa\utils\preprocess.py[line:10] - EduRAG - INFO - 开始预处理文本
2026-08-23 18:56:34,135 - C:\Users\P72\PycharmProjects\AsIf\Itcast_qa_system\mysql_qa\utils\preprocess.py[line:10] - EduRAG - INFO - 开始预处理文本
2026-08-23 18:56:34,135 - C:\Users\P72\PycharmProjects\AsIf\Itcast_qa_system\mysql_qa\utils\preprocess.py[line:10] - EduRAG - INFO - 开始预处理文本
2026-08-23 18:56:34,135 - C:\Users\P72\PycharmProjects\AsIf\Itcast_qa_system\mysql_qa\utils\preprocess.py[line:10] - EduRAG - INFO - 开始预处理文本
2026-08-23 18:56:34,136 - C:\Users\P72\PycharmProjects\AsIf\Itcast_qa_system\mysql_qa\utils\preprocess.py[line:10] - EduRAG - INFO - 开始预处理文本
2026-08-23 18:56:34,136 - C:\Users\P72\PycharmProjects\AsIf\Itcast_qa_system\mysql_qa\utils\preprocess.py[line:10] - EduRAG - INFO - 开始预处理文本
2026-08-23 18:56:34,136 - C:\Users\P72\PycharmProjects\AsIf\Itcast_qa_system\mysql_qa\utils\preprocess.py[line:10] - EduRAG - INFO - 开始预处理文本
2026-08-23 18:56:34,137 - C:\Users\P72\PycharmProjects\AsIf\Itcast_qa_system\mysql_qa\utils\preprocess.py[line:10] - EduRAG - INFO - 开始预处理文本
2026-08-23 18:56:34,138 - C:\Users\P72\PycharmProjects\AsIf\Itcast_qa_system\mysql_qa\utils\preprocess.py[line:10] - EduRAG - INFO - 开始预处理文本
2026-08-23 18:56:34,138 - C:\Users\P72\PycharmProjects\AsIf\Itcast_qa_system\mysql_qa\utils\preprocess.py[line:10] - EduRAG - INFO - 开始预处理文本
2026-08-23 18:56:34,139 - C:\Users\P72\PycharmProjects\AsIf\Itcast_qa_system\mysql_qa\utils\preprocess.py[line:10] - EduRAG - INFO - 开始预处理文本
2026-08-23 18:56:34,139 - C:\Users\P72\PycharmProjects\AsIf\Itcast_qa_system\mysql_qa\utils\preprocess.py[line:10] - EduRAG - INFO - 开始预处理文本
2026-08-23 18:56:34,139 - C:\Users\P72\PycharmProjects\AsIf\Itcast_qa_system\mysql_qa\utils\preprocess.py[line:10] - EduRAG - INFO - 开始预处理文本
2026-08-23 18:56:34,140 - C:\Users\P72\PycharmProjects\AsIf\Itcast_qa_system\mysql_qa\utils\preprocess.py[line:10] - EduRAG - INFO - 开始预处理文本
2026-08-23 18:56:34,140 - C:\Users\P72\PycharmProjects\AsIf\Itcast_qa_system\mysql_qa\utils\preprocess.py[line:10] - EduRAG - INFO - 开始预处理文本
2026-08-23 18:56:34,140 - C:\Users\P72\PycharmProjects\AsIf\Itcast_qa_system\mysql_qa\utils\preprocess.py[line:10] - EduRAG - INFO - 开始预处理文本
2026-08-23 18:56:34,141 - C:\Users\P72\PycharmProjects\AsIf\Itcast_qa_system\mysql_qa\utils\preprocess.py[line:10] - EduRAG - INFO - 开始预处理文本
2026-08-23 18:56:34,141 - C:\Users\P72\PycharmProjects\AsIf\Itcast_qa_system\mysql_qa\utils\preprocess.py[line:10] - EduRAG - INFO - 开始预处理文本
2026-08-23 18:56:34,142 - C:\Users\P72\PycharmProjects\AsIf\Itcast_qa_system\mysql_qa\utils\preprocess.py[line:10] - EduRAG - INFO - 开始预处理文本
2026-08-23 18:56:34,142 - C:\Users\P72\PycharmProjects\AsIf\Itcast_qa_system\mysql_qa\utils\preprocess.py[line:10] - EduRAG - INFO - 开始预处理文本
2026-08-23 18:56:34,142 - C:\Users\P72\PycharmProjects\AsIf\Itcast_qa_system\mysql_qa\utils\preprocess.py[line:10] - EduRAG - INFO - 开始预处理文本
2026-08-23 18:56:34,142 - C:\Users\P72\PycharmProjects\AsIf\Itcast_qa_system\mysql_qa\utils\preprocess.py[line:10] - EduRAG - INFO - 开始预处理文本
2026-08-23 18:56:34,143 - C:\Users\P72\PycharmProjects\AsIf\Itcast_qa_system\mysql_qa\utils\preprocess.py[line:10] - EduRAG - INFO - 开始预处理文本
2026-08-23 18:56:34,143 - C:\Users\P72\PycharmProjects\AsIf\Itcast_qa_system\mysql_qa\utils\preprocess.py[line:10] - EduRAG - INFO - 开始预处理文本
2026-08-23 18:56:34,143 - C:\Users\P72\PycharmProjects\AsIf\Itcast_qa_system\mysql_qa\utils\preprocess.py[line:10] - EduRAG - INFO - 开始预处理文本
2026-08-23 18:56:34,143 - C:\Users\P72\PycharmProjects\AsIf\Itcast_qa_system\mysql_qa\utils\preprocess.py[line:10] - EduRAG - INFO - 开始预处理文本
2026-08-23 18:56:34,144 - C:\Users\P72\PycharmProjects\AsIf\Itcast_qa_system\mysql_qa\utils\preprocess.py[line:10] - EduRAG - INFO - 开始预处理文本
2026-08-23 18:56:34,144 - C:\Users\P72\PycharmProjects\AsIf\Itcast_qa_system\mysql_qa\utils\preprocess.py[line:10] - EduRAG - INFO - 开始预处理文本
2026-08-23 18:56:34,144 - C:\Users\P72\PycharmProjects\AsIf\Itcast_qa_system\mysql_qa\utils\preprocess.py[line:10] - EduRAG - INFO - 开始预处理文本
2026-08-23 18:56:34,144 - C:\Users\P72\PycharmProjects\AsIf\Itcast_qa_system\mysql_qa\utils\preprocess.py[line:10] - EduRAG - INFO - 开始预处理文本
2026-08-23 18:56:34,144 - C:\Users\P72\PycharmProjects\AsIf\Itcast_qa_system\mysql_qa\utils\preprocess.py[line:10] - EduRAG - INFO - 开始预处理文本
2026-08-23 18:56:34,144 - C:\Users\P72\PycharmProjects\AsIf\Itcast_qa_system\mysql_qa\utils\preprocess.py[line:10] - EduRAG - INFO - 开始预处理文本
2026-08-23 18:56:34,145 - C:\Users\P72\PycharmProjects\AsIf\Itcast_qa_system\mysql_qa\utils\preprocess.py[line:10] - EduRAG - INFO - 开始预处理文本
2026-08-23 18:56:34,145 - C:\Users\P72\PycharmProjects\AsIf\Itcast_qa_system\mysql_qa\utils\preprocess.py[line:10] - EduRAG - INFO - 开始预处理文本
2026-08-23 18:56:34,145 - C:\Users\P72\PycharmProjects\AsIf\Itcast_qa_system\mysql_qa\utils\preprocess.py[line:10] - EduRAG - INFO - 开始预处理文本
2026-08-23 18:56:34,145 - C:\Users\P72\PycharmProjects\AsIf\Itcast_qa_system\mysql_qa\utils\preprocess.py[line:10] - EduRAG - INFO - 开始预处理文本
2026-08-23 18:56:34,145 - C:\Users\P72\PycharmProjects\AsIf\Itcast_qa_system\mysql_qa\utils\preprocess.py[line:10] - EduRAG - INFO - 开始预处理文本
2026-08-23 18:56:34,145 - C:\Users\P72\PycharmProjects\AsIf\Itcast_qa_system\mysql_qa\utils\preprocess.py[line:10] - EduRAG - INFO - 开始预处理文本
2026-08-23 18:56:34,146 - C:\Users\P72\PycharmProjects\AsIf\Itcast_qa_system\mysql_qa\utils\preprocess.py[line:10] - EduRAG - INFO - 开始预处理文本
2026-08-23 18:56:34,146 - C:\Users\P72\PycharmProjects\AsIf\Itcast_qa_system\mysql_qa\utils\preprocess.py[line:10] - EduRAG - INFO - 开始预处理文本
2026-08-23 18:56:34,146 - C:\Users\P72\PycharmProjects\AsIf\Itcast_qa_system\mysql_qa\utils\preprocess.py[line:10] - EduRAG - INFO - 开始预处理文本
2026-08-23 18:56:34,146 - C:\Users\P72\PycharmProjects\AsIf\Itcast_qa_system\mysql_qa\utils\preprocess.py[line:10] - EduRAG - INFO - 开始预处理文本
2026-08-23 18:56:34,146 - C:\Users\P72\PycharmProjects\AsIf\Itcast_qa_system\mysql_qa\utils\preprocess.py[line:10] - EduRAG - INFO - 开始预处理文本
2026-08-23 18:56:34,147 - C:\Users\P72\PycharmProjects\AsIf\Itcast_qa_system\mysql_qa\utils\preprocess.py[line:10] - EduRAG - INFO - 开始预处理文本
2026-08-23 18:56:34,147 - C:\Users\P72\PycharmProjects\AsIf\Itcast_qa_system\mysql_qa\utils\preprocess.py[line:10] - EduRAG - INFO - 开始预处理文本
2026-08-23 18:56:34,147 - C:\Users\P72\PycharmProjects\AsIf\Itcast_qa_system\mysql_qa\utils\preprocess.py[line:10] - EduRAG - INFO - 开始预处理文本
2026-08-23 18:56:34,147 - C:\Users\P72\PycharmProjects\AsIf\Itcast_qa_system\mysql_qa\utils\preprocess.py[line:10] - EduRAG - INFO - 开始预处理文本
2026-08-23 18:56:34,147 - C:\Users\P72\PycharmProjects\AsIf\Itcast_qa_system\mysql_qa\utils\preprocess.py[line:10] - EduRAG - INFO - 开始预处理文本
2026-08-23 18:56:34,147 - C:\Users\P72\PycharmProjects\AsIf\Itcast_qa_system\mysql_qa\utils\preprocess.py[line:10] - EduRAG - INFO - 开始预处理文本
2026-08-23 18:56:34,147 - C:\Users\P72\PycharmProjects\AsIf\Itcast_qa_system\mysql_qa\utils\preprocess.py[line:10] - EduRAG - INFO - 开始预处理文本
2026-08-23 18:56:34,148 - C:\Users\P72\PycharmProjects\AsIf\Itcast_qa_system\mysql_qa\utils\preprocess.py[line:10] - EduRAG - INFO - 开始预处理文本
2026-08-23 18:56:34,148 - C:\Users\P72\PycharmProjects\AsIf\Itcast_qa_system\mysql_qa\utils\preprocess.py[line:10] - EduRAG - INFO - 开始预处理文本
2026-08-23 18:56:34,148 - C:\Users\P72\PycharmProjects\AsIf\Itcast_qa_system\mysql_qa\utils\preprocess.py[line:10] - EduRAG - INFO - 开始预处理文本
2026-08-23 18:56:34,148 - C:\Users\P72\PycharmProjects\AsIf\Itcast_qa_system\mysql_qa\utils\preprocess.py[line:10] - EduRAG - INFO - 开始预处理文本
2026-08-23 18:56:34,148 - C:\Users\P72\PycharmProjects\AsIf\Itcast_qa_system\mysql_qa\utils\preprocess.py[line:10] - EduRAG - INFO - 开始预处理文本
2026-08-23 18:56:34,148 - C:\Users\P72\PycharmProjects\AsIf\Itcast_qa_system\mysql_qa\utils\preprocess.py[line:10] - EduRAG - INFO - 开始预处理文本
2026-08-23 18:56:34,148 - C:\Users\P72\PycharmProjects\AsIf\Itcast_qa_system\mysql_qa\utils\preprocess.py[line:10] - EduRAG - INFO - 开始预处理文本
2026-08-23 18:56:34,148 - C:\Users\P72\PycharmProjects\AsIf\Itcast_qa_system\mysql_qa\utils\preprocess.py[line:10] - EduRAG - INFO - 开始预处理文本
2026-08-23 18:56:34,149 - C:\Users\P72\PycharmProjects\AsIf\Itcast_qa_system\mysql_qa\utils\preprocess.py[line:10] - EduRAG - INFO - 开始预处理文本
2026-08-23 18:56:34,149 - C:\Users\P72\PycharmProjects\AsIf\Itcast_qa_system\mysql_qa\utils\preprocess.py[line:10] - EduRAG - INFO - 开始预处理文本
2026-08-23 18:56:34,149 - C:\Users\P72\PycharmProjects\AsIf\Itcast_qa_system\mysql_qa\utils\preprocess.py[line:10] - EduRAG - INFO - 开始预处理文本
2026-08-23 18:56:34,149 - C:\Users\P72\PycharmProjects\AsIf\Itcast_qa_system\mysql_qa\utils\preprocess.py[line:10] - EduRAG - INFO - 开始预处理文本
2026-08-23 18:56:34,149 - C:\Users\P72\PycharmProjects\AsIf\Itcast_qa_system\mysql_qa\utils\preprocess.py[line:10] - EduRAG - INFO - 开始预处理文本
2026-08-23 18:56:34,149 - C:\Users\P72\PycharmProjects\AsIf\Itcast_qa_system\mysql_qa\utils\preprocess.py[line:10] - EduRAG - INFO - 开始预处理文本
2026-08-23 18:56:34,149 - C:\Users\P72\PycharmProjects\AsIf\Itcast_qa_system\mysql_qa\utils\preprocess.py[line:10] - EduRAG - INFO - 开始预处理文本
2026-08-23 18:56:34,150 - C:\Users\P72\PycharmProjects\AsIf\Itcast_qa_system\mysql_qa\utils\preprocess.py[line:10] - EduRAG - INFO - 开始预处理文本
2026-08-23 18:56:34,150 - C:\Users\P72\PycharmProjects\AsIf\Itcast_qa_system\mysql_qa\utils\preprocess.py[line:10] - EduRAG - INFO - 开始预处理文本
2026-08-23 18:56:34,150 - C:\Users\P72\PycharmProjects\AsIf\Itcast_qa_system\mysql_qa\utils\preprocess.py[line:10] - EduRAG - INFO - 开始预处理文本
2026-08-23 18:56:34,150 - C:\Users\P72\PycharmProjects\AsIf\Itcast_qa_system\mysql_qa\utils\preprocess.py[line:10] - EduRAG - INFO - 开始预处理文本
2026-08-23 18:56:34,150 - C:\Users\P72\PycharmProjects\AsIf\Itcast_qa_system\mysql_qa\utils\preprocess.py[line:10] - EduRAG - INFO - 开始预处理文本
2026-08-23 18:56:34,150 - C:\Users\P72\PycharmProjects\AsIf\Itcast_qa_system\mysql_qa\utils\preprocess.py[line:10] - EduRAG - INFO - 开始预处理文本
2026-08-23 18:56:34,151 - C:\Users\P72\PycharmProjects\AsIf\Itcast_qa_system\mysql_qa\utils\preprocess.py[line:10] - EduRAG - INFO - 开始预处理文本
2026-08-23 18:56:34,151 - C:\Users\P72\PycharmProjects\AsIf\Itcast_qa_system\mysql_qa\utils\preprocess.py[line:10] - EduRAG - INFO - 开始预处理文本
2026-08-23 18:56:34,151 - C:\Users\P72\PycharmProjects\AsIf\Itcast_qa_system\mysql_qa\utils\preprocess.py[line:10] - EduRAG - INFO - 开始预处理文本
2026-08-23 18:56:34,151 - C:\Users\P72\PycharmProjects\AsIf\Itcast_qa_system\mysql_qa\utils\preprocess.py[line:10] - EduRAG - INFO - 开始预处理文本
2026-08-23 18:56:34,151 - C:\Users\P72\PycharmProjects\AsIf\Itcast_qa_system\mysql_qa\utils\preprocess.py[line:10] - EduRAG - INFO - 开始预处理文本
2026-08-23 18:56:34,151 - C:\Users\P72\PycharmProjects\AsIf\Itcast_qa_system\mysql_qa\utils\preprocess.py[line:10] - EduRAG - INFO - 开始预处理文本
2026-08-23 18:56:34,151 - C:\Users\P72\PycharmProjects\AsIf\Itcast_qa_system\mysql_qa\utils\preprocess.py[line:10] - EduRAG - INFO - 开始预处理文本
2026-08-23 18:56:34,152 - C:\Users\P72\PycharmProjects\AsIf\Itcast_qa_system\mysql_qa\utils\preprocess.py[line:10] - EduRAG - INFO - 开始预处理文本
2026-08-23 18:56:34,152 - C:\Users\P72\PycharmProjects\AsIf\Itcast_qa_system\mysql_qa\utils\preprocess.py[line:10] - EduRAG - INFO - 开始预处理文本
2026-08-23 18:56:34,152 - C:\Users\P72\PycharmProjects\AsIf\Itcast_qa_system\mysql_qa\utils\preprocess.py[line:10] - EduRAG - INFO - 开始预处理文本
2026-08-23 18:56:34,152 - C:\Users\P72\PycharmProjects\AsIf\Itcast_qa_system\mysql_qa\utils\preprocess.py[line:10] - EduRAG - INFO - 开始预处理文本
2026-08-23 18:56:34,153 - C:\Users\P72\PycharmProjects\AsIf\Itcast_qa_system\mysql_qa\utils\preprocess.py[line:10] - EduRAG - INFO - 开始预处理文本
2026-08-23 18:56:34,153 - C:\Users\P72\PycharmProjects\AsIf\Itcast_qa_system\mysql_qa\utils\preprocess.py[line:10] - EduRAG - INFO - 开始预处理文本
2026-08-23 18:56:34,153 - C:\Users\P72\PycharmProjects\AsIf\Itcast_qa_system\mysql_qa\utils\preprocess.py[line:10] - EduRAG - INFO - 开始预处理文本
2026-08-23 18:56:34,153 - C:\Users\P72\PycharmProjects\AsIf\Itcast_qa_system\mysql_qa\utils\preprocess.py[line:10] - EduRAG - INFO - 开始预处理文本
2026-08-23 18:56:34,153 - C:\Users\P72\PycharmProjects\AsIf\Itcast_qa_system\mysql_qa\utils\preprocess.py[line:10] - EduRAG - INFO - 开始预处理文本
2026-08-23 18:56:34,154 - C:\Users\P72\PycharmProjects\AsIf\Itcast_qa_system\mysql_qa\utils\preprocess.py[line:10] - EduRAG - INFO - 开始预处理文本
2026-08-23 18:56:34,154 - C:\Users\P72\PycharmProjects\AsIf\Itcast_qa_system\mysql_qa\utils\preprocess.py[line:10] - EduRAG - INFO - 开始预处理文本
2026-08-23 18:56:34,154 - C:\Users\P72\PycharmProjects\AsIf\Itcast_qa_system\mysql_qa\utils\preprocess.py[line:10] - EduRAG - INFO - 开始预处理文本
2026-08-23 18:56:34,154 - C:\Users\P72\PycharmProjects\AsIf\Itcast_qa_system\mysql_qa\utils\preprocess.py[line:10] - EduRAG - INFO - 开始预处理文本
2026-08-23 18:56:34,154 - C:\Users\P72\PycharmProjects\AsIf\Itcast_qa_system\mysql_qa\utils\preprocess.py[line:10] - EduRAG - INFO - 开始预处理文本
2026-08-23 18:56:34,154 - C:\Users\P72\PycharmProjects\AsIf\Itcast_qa_system\mysql_qa\utils\preprocess.py[line:10] - EduRAG - INFO - 开始预处理文本
2026-08-23 18:56:34,154 - C:\Users\P72\PycharmProjects\AsIf\Itcast_qa_system\mysql_qa\utils\preprocess.py[line:10] - EduRAG - INFO - 开始预处理文本
2026-08-23 18:56:34,155 - C:\Users\P72\PycharmProjects\AsIf\Itcast_qa_system\mysql_qa\utils\preprocess.py[line:10] - EduRAG - INFO - 开始预处理文本
2026-08-23 18:56:34,155 - C:\Users\P72\PycharmProjects\AsIf\Itcast_qa_system\mysql_qa\utils\preprocess.py[line:10] - EduRAG - INFO - 开始预处理文本
2026-08-23 18:56:34,155 - C:\Users\P72\PycharmProjects\AsIf\Itcast_qa_system\mysql_qa\utils\preprocess.py[line:10] - EduRAG - INFO - 开始预处理文本
2026-08-23 18:56:34,155 - C:\Users\P72\PycharmProjects\AsIf\Itcast_qa_system\mysql_qa\utils\preprocess.py[line:10] - EduRAG - INFO - 开始预处理文本
2026-08-23 18:56:34,155 - C:\Users\P72\PycharmProjects\AsIf\Itcast_qa_system\mysql_qa\utils\preprocess.py[line:10] - EduRAG - INFO - 开始预处理文本
2026-08-23 18:56:34,156 - C:\Users\P72\PycharmProjects\AsIf\Itcast_qa_system\mysql_qa\utils\preprocess.py[line:10] - EduRAG - INFO - 开始预处理文本
2026-08-23 18:56:34,156 - C:\Users\P72\PycharmProjects\AsIf\Itcast_qa_system\mysql_qa\utils\preprocess.py[line:10] - EduRAG - INFO - 开始预处理文本
2026-08-23 18:56:34,156 - C:\Users\P72\PycharmProjects\AsIf\Itcast_qa_system\mysql_qa\utils\preprocess.py[line:10] - EduRAG - INFO - 开始预处理文本
2026-08-23 18:56:34,156 - C:\Users\P72\PycharmProjects\AsIf\Itcast_qa_system\mysql_qa\utils\preprocess.py[line:10] - EduRAG - INFO - 开始预处理文本
2026-08-23 18:56:34,156 - C:\Users\P72\PycharmProjects\AsIf\Itcast_qa_system\mysql_qa\utils\preprocess.py[line:10] - EduRAG - INFO - 开始预处理文本
2026-08-23 18:56:34,156 - C:\Users\P72\PycharmProjects\AsIf\Itcast_qa_system\mysql_qa\utils\preprocess.py[line:10] - EduRAG - INFO - 开始预处理文本
2026-08-23 18:56:34,156 - C:\Users\P72\PycharmProjects\AsIf\Itcast_qa_system\mysql_qa\utils\preprocess.py[line:10] - EduRAG - INFO - 开始预处理文本
2026-08-23 18:56:34,157 - C:\Users\P72\PycharmProjects\AsIf\Itcast_qa_system\mysql_qa\utils\preprocess.py[line:10] - EduRAG - INFO - 开始预处理文本
2026-08-23 18:56:34,157 - C:\Users\P72\PycharmProjects\AsIf\Itcast_qa_system\mysql_qa\utils\preprocess.py[line:10] - EduRAG - INFO - 开始预处理文本
2026-08-23 18:56:34,157 - C:\Users\P72\PycharmProjects\AsIf\Itcast_qa_system\mysql_qa\utils\preprocess.py[line:10] - EduRAG - INFO - 开始预处理文本
2026-08-23 18:56:34,157 - C:\Users\P72\PycharmProjects\AsIf\Itcast_qa_system\mysql_qa\utils\preprocess.py[line:10] - EduRAG - INFO - 开始预处理文本
2026-08-23 18:56:34,157 - C:\Users\P72\PycharmProjects\AsIf\Itcast_qa_system\mysql_qa\utils\preprocess.py[line:10] - EduRAG - INFO - 开始预处理文本
2026-08-23 18:56:34,158 - C:\Users\P72\PycharmProjects\AsIf\Itcast_qa_system\mysql_qa\utils\preprocess.py[line:10] - EduRAG - INFO - 开始预处理文本
2026-08-23 18:56:34,158 - C:\Users\P72\PycharmProjects\AsIf\Itcast_qa_system\mysql_qa\utils\preprocess.py[line:10] - EduRAG - INFO - 开始预处理文本
2026-08-23 18:56:34,158 - C:\Users\P72\PycharmProjects\AsIf\Itcast_qa_system\mysql_qa\utils\preprocess.py[line:10] - EduRAG - INFO - 开始预处理文本
2026-08-23 18:56:34,158 - C:\Users\P72\PycharmProjects\AsIf\Itcast_qa_system\mysql_qa\utils\preprocess.py[line:10] - EduRAG - INFO - 开始预处理文本
2026-08-23 18:56:34,158 - C:\Users\P72\PycharmProjects\AsIf\Itcast_qa_system\mysql_qa\utils\preprocess.py[line:10] - EduRAG - INFO - 开始预处理文本
2026-08-23 18:56:34,158 - C:\Users\P72\PycharmProjects\AsIf\Itcast_qa_system\mysql_qa\utils\preprocess.py[line:10] - EduRAG - INFO - 开始预处理文本
2026-08-23 18:56:34,158 - C:\Users\P72\PycharmProjects\AsIf\Itcast_qa_system\mysql_qa\utils\preprocess.py[line:10] - EduRAG - INFO - 开始预处理文本
2026-08-23 18:56:34,159 - C:\Users\P72\PycharmProjects\AsIf\Itcast_qa_system\mysql_qa\utils\preprocess.py[line:10] - EduRAG - INFO - 开始预处理文本
2026-08-23 18:56:34,159 - C:\Users\P72\PycharmProjects\AsIf\Itcast_qa_system\mysql_qa\utils\preprocess.py[line:10] - EduRAG - INFO - 开始预处理文本
2026-08-23 18:56:34,159 - C:\Users\P72\PycharmProjects\AsIf\Itcast_qa_system\mysql_qa\utils\preprocess.py[line:10] - EduRAG - INFO - 开始预处理文本
2026-08-23 18:56:34,159 - C:\Users\P72\PycharmProjects\AsIf\Itcast_qa_system\mysql_qa\utils\preprocess.py[line:10] - EduRAG - INFO - 开始预处理文本
2026-08-23 18:56:34,160 - C:\Users\P72\PycharmProjects\AsIf\Itcast_qa_system\mysql_qa\utils\preprocess.py[line:10] - EduRAG - INFO - 开始预处理文本
2026-08-23 18:56:34,160 - C:\Users\P72\PycharmProjects\AsIf\Itcast_qa_system\mysql_qa\utils\preprocess.py[line:10] - EduRAG - INFO - 开始预处理文本
2026-08-23 18:56:34,160 - C:\Users\P72\PycharmProjects\AsIf\Itcast_qa_system\mysql_qa\utils\preprocess.py[line:10] - EduRAG - INFO - 开始预处理文本
2026-08-23 18:56:34,160 - C:\Users\P72\PycharmProjects\AsIf\Itcast_qa_system\mysql_qa\utils\preprocess.py[line:10] - EduRAG - INFO - 开始预处理文本
2026-08-23 18:56:34,160 - C:\Users\P72\PycharmProjects\AsIf\Itcast_qa_system\mysql_qa\utils\preprocess.py[line:10] - EduRAG - INFO - 开始预处理文本
2026-08-23 18:56:34,160 - C:\Users\P72\PycharmProjects\AsIf\Itcast_qa_system\mysql_qa\utils\preprocess.py[line:10] - EduRAG - INFO - 开始预处理文本
2026-08-23 18:56:34,161 - C:\Users\P72\PycharmProjects\AsIf\Itcast_qa_system\mysql_qa\utils\preprocess.py[line:10] - EduRAG - INFO - 开始预处理文本
2026-08-23 18:56:34,161 - C:\Users\P72\PycharmProjects\AsIf\Itcast_qa_system\mysql_qa\utils\preprocess.py[line:10] - EduRAG - INFO - 开始预处理文本
2026-08-23 18:56:34,161 - C:\Users\P72\PycharmProjects\AsIf\Itcast_qa_system\mysql_qa\utils\preprocess.py[line:10] - EduRAG - INFO - 开始预处理文本
2026-08-23 18:56:34,161 - C:\Users\P72\PycharmProjects\AsIf\Itcast_qa_system\mysql_qa\utils\preprocess.py[line:10] - EduRAG - INFO - 开始预处理文本
2026-08-23 18:56:34,161 - C:\Users\P72\PycharmProjects\AsIf\Itcast_qa_system\mysql_qa\utils\preprocess.py[line:10] - EduRAG - INFO - 开始预处理文本
2026-08-23 18:56:34,161 - C:\Users\P72\PycharmProjects\AsIf\Itcast_qa_system\mysql_qa\utils\preprocess.py[line:10] - EduRAG - INFO - 开始预处理文本
2026-08-23 18:56:34,161 - C:\Users\P72\PycharmProjects\AsIf\Itcast_qa_system\mysql_qa\utils\preprocess.py[line:10] - EduRAG - INFO - 开始预处理文本
2026-08-23 18:56:34,161 - C:\Users\P72\PycharmProjects\AsIf\Itcast_qa_system\mysql_qa\utils\preprocess.py[line:10] - EduRAG - INFO - 开始预处理文本
2026-08-23 18:56:34,162 - C:\Users\P72\PycharmProjects\AsIf\Itcast_qa_system\mysql_qa\utils\preprocess.py[line:10] - EduRAG - INFO - 开始预处理文本
2026-08-23 18:56:34,162 - C:\Users\P72\PycharmProjects\AsIf\Itcast_qa_system\mysql_qa\utils\preprocess.py[line:10] - EduRAG - INFO - 开始预处理文本
2026-08-23 18:56:34,162 - C:\Users\P72\PycharmProjects\AsIf\Itcast_qa_system\mysql_qa\utils\preprocess.py[line:10] - EduRAG - INFO - 开始预处理文本
2026-08-23 18:56:34,162 - C:\Users\P72\PycharmProjects\AsIf\Itcast_qa_system\mysql_qa\utils\preprocess.py[line:10] - EduRAG - INFO - 开始预处理文本
2026-08-23 18:56:34,162 - C:\Users\P72\PycharmProjects\AsIf\Itcast_qa_system\mysql_qa\utils\preprocess.py[line:10] - EduRAG - INFO - 开始预处理文本
2026-08-23 18:56:34,162 - C:\Users\P72\PycharmProjects\AsIf\Itcast_qa_system\mysql_qa\utils\preprocess.py[line:10] - EduRAG - INFO - 开始预处理文本
2026-08-23 18:56:34,163 - C:\Users\P72\PycharmProjects\AsIf\Itcast_qa_system\mysql_qa\utils\preprocess.py[line:10] - EduRAG - INFO - 开始预处理文本
2026-08-23 18:56:34,163 - C:\Users\P72\PycharmProjects\AsIf\Itcast_qa_system\mysql_qa\utils\preprocess.py[line:10] - EduRAG - INFO - 开始预处理文本
2026-08-23 18:56:34,163 - C:\Users\P72\PycharmProjects\AsIf\Itcast_qa_system\mysql_qa\utils\preprocess.py[line:10] - EduRAG - INFO - 开始预处理文本
2026-08-23 18:56:34,163 - C:\Users\P72\PycharmProjects\AsIf\Itcast_qa_system\mysql_qa\utils\preprocess.py[line:10] - EduRAG - INFO - 开始预处理文本
2026-08-23 18:56:34,163 - C:\Users\P72\PycharmProjects\AsIf\Itcast_qa_system\mysql_qa\utils\preprocess.py[line:10] - EduRAG - INFO - 开始预处理文本
2026-08-23 18:56:34,173 - C:\Users\P72\PycharmProjects\AsIf\Itcast_qa_system\mysql_qa\retrieval\bm25_search.py[line:55] - EduRAG - INFO - BM25 模型初始化完成
2026-08-23 18:57:36,531 - C:\Users\P72\PycharmProjects\AsIf\Itcast_qa_system\mysql_qa\sql_main.py[line:37] - EduRAG - INFO - 处理查询: '用上下文管理器实现函数运行时间的计算'
2026-08-23 18:57:36,532 - C:\Users\P72\PycharmProjects\AsIf\Itcast_qa_system\mysql_qa\utils\preprocess.py[line:10] - EduRAG - INFO - 开始预处理文本
2026-08-23 18:57:36,535 - C:\Users\P72\PycharmProjects\AsIf\Itcast_qa_system\mysql_qa\retrieval\bm25_search.py[line:86] - EduRAG - INFO - 搜索最高分 [1.000] 结果: ('用上下文管理器实现函数运行时间的计算?',)
2026-08-23 18:57:36,537 - C:\Users\P72\PycharmProjects\AsIf\Itcast_qa_system\mysql_qa\retrieval\bm25_search.py[line:97] - EduRAG - INFO - 搜索成功，Softmax 相似度: 1.000
2026-08-23 18:57:36,537 - C:\Users\P72\PycharmProjects\AsIf\Itcast_qa_system\mysql_qa\sql_main.py[line:42] - EduRAG - INFO - MySQL 答案: import time
import contextlib


@contextlib.contextmanager
def timing():
    start = time.time()
    yield None
    end = time.time()
    print("函数执行时间是%d毫秒" % (end - start))


def func(number):
    li = [1, 2, 4]
    if number < 4:
        return li[number - 1]
    else:
        if number > 3:
            return func(number - 1) + func(number - 2) + func(number - 3)


with timing():
    print(func(30))
2026-08-23 18:57:36,537 - C:\Users\P72\PycharmProjects\AsIf\Itcast_qa_system\mysql_qa\sql_main.py[line:51] - EduRAG - INFO - 查询处理耗时 0.01秒
2026-08-23 18:58:51,350 - C:\Users\P72\PycharmProjects\AsIf\Itcast_qa_system\mysql_qa\sql_main.py[line:37] - EduRAG - INFO - 处理查询: '用上下文管理器实现函数运行时间的计算'
2026-08-23 18:58:51,351 - C:\Users\P72\PycharmProjects\AsIf\Itcast_qa_system\mysql_qa\sql_main.py[line:42] - EduRAG - INFO - MySQL 答案: "import time\nimport contextlib\n\n\n@contextlib.contextmanager\ndef timing():\n    start = time.time()\n    yield None\n    end = time.time()\n    print(\"函数执行时间是%d毫秒\" % (end - start))\n\n\ndef func(number):\n    li = [1, 2, 4]\n    if number < 4:\n        return li[number - 1]\n    else:\n        if number > 3:\n            return func(number - 1) + func(number - 2) + func(number - 3)\n\n\nwith timing():\n    print(func(30))"
2026-08-23 18:58:51,352 - C:\Users\P72\PycharmProjects\AsIf\Itcast_qa_system\mysql_qa\sql_main.py[line:51] - EduRAG - INFO - 查询处理耗时 0.00秒
2026-08-23 18:59:20,636 - C:\Users\P72\PycharmProjects\AsIf\Itcast_qa_system\mysql_qa\sql_main.py[line:37] - EduRAG - INFO - 处理查询: '用上下文管理器实现函数运行时间的计算。。。。谢谢（（（'
2026-08-23 18:59:20,637 - C:\Users\P72\PycharmProjects\AsIf\Itcast_qa_system\mysql_qa\utils\preprocess.py[line:10] - EduRAG - INFO - 开始预处理文本
2026-08-23 18:59:20,641 - C:\Users\P72\PycharmProjects\AsIf\Itcast_qa_system\mysql_qa\retrieval\bm25_search.py[line:86] - EduRAG - INFO - 搜索最高分 [1.000] 结果: ('用上下文管理器实现函数运行时间的计算?',)
2026-08-23 18:59:20,644 - C:\Users\P72\PycharmProjects\AsIf\Itcast_qa_system\mysql_qa\retrieval\bm25_search.py[line:97] - EduRAG - INFO - 搜索成功，Softmax 相似度: 1.000
2026-08-23 18:59:20,644 - C:\Users\P72\PycharmProjects\AsIf\Itcast_qa_system\mysql_qa\sql_main.py[line:42] - EduRAG - INFO - MySQL 答案: import time
import contextlib


@contextlib.contextmanager
def timing():
    start = time.time()
    yield None
    end = time.time()
    print("函数执行时间是%d毫秒" % (end - start))


def func(number):
    li = [1, 2, 4]
    if number < 4:
        return li[number - 1]
    else:
        if number > 3:
            return func(number - 1) + func(number - 2) + func(number - 3)


with timing():
    print(func(30))
2026-08-23 18:59:20,644 - C:\Users\P72\PycharmProjects\AsIf\Itcast_qa_system\mysql_qa\sql_main.py[line:51] - EduRAG - INFO - 查询处理耗时 0.01秒
2026-08-23 19:00:04,670 - C:\Users\P72\PycharmProjects\AsIf\Itcast_qa_system\mysql_qa\sql_main.py[line:37] - EduRAG - INFO - 处理查询: 'python如何安装'
2026-08-23 19:00:04,672 - C:\Users\P72\PycharmProjects\AsIf\Itcast_qa_system\mysql_qa\utils\preprocess.py[line:10] - EduRAG - INFO - 开始预处理文本
2026-08-23 19:00:04,672 - C:\Users\P72\PycharmProjects\AsIf\Itcast_qa_system\mysql_qa\retrieval\bm25_search.py[line:86] - EduRAG - INFO - 搜索最高分 [0.358] 结果: ('win10如何安装python虚拟环境以及爬虫环境',)
2026-08-23 19:00:04,673 - C:\Users\P72\PycharmProjects\AsIf\Itcast_qa_system\mysql_qa\retrieval\bm25_search.py[line:101] - EduRAG - INFO - 未找到可靠答案，最高 Softmax 相似度: 0.358
2026-08-23 19:00:04,673 - C:\Users\P72\PycharmProjects\AsIf\Itcast_qa_system\mysql_qa\sql_main.py[line:45] - EduRAG - INFO - SQL中未找到答案, 需要调用RAG系统
2026-08-23 19:00:04,673 - C:\Users\P72\PycharmProjects\AsIf\Itcast_qa_system\mysql_qa\sql_main.py[line:51] - EduRAG - INFO - 查询处理耗时 0.00秒
2026-08-23 19:00:30,043 - C:\Users\P72\PycharmProjects\AsIf\Itcast_qa_system\mysql_qa\sql_main.py[line:37] - EduRAG - INFO - 处理查询: 'win10如何安装python虚拟环境以及爬虫环境'
2026-08-23 19:00:30,044 - C:\Users\P72\PycharmProjects\AsIf\Itcast_qa_system\mysql_qa\utils\preprocess.py[line:10] - EduRAG - INFO - 开始预处理文本
2026-08-23 19:00:30,046 - C:\Users\P72\PycharmProjects\AsIf\Itcast_qa_system\mysql_qa\retrieval\bm25_search.py[line:86] - EduRAG - INFO - 搜索最高分 [1.000] 结果: ('win10如何安装python虚拟环境以及爬虫环境',)
2026-08-23 19:00:30,049 - C:\Users\P72\PycharmProjects\AsIf\Itcast_qa_system\mysql_qa\retrieval\bm25_search.py[line:97] - EduRAG - INFO - 搜索成功，Softmax 相似度: 1.000
2026-08-23 19:00:30,049 - C:\Users\P72\PycharmProjects\AsIf\Itcast_qa_system\mysql_qa\sql_main.py[line:42] - EduRAG - INFO - MySQL 答案: 以win10环境为例

    windows安装虚拟环境
安装python解释器建议直接安装python3最新版本，去python官网下载python解释器，根据操作系统版本32位还是64位下载对应的版本python解释器,仅仅安装python解释器其他的包不要安装
启动cmd终端准备开始安装虚拟环境,执行一下命令：
pip install virtualenv 
安装 windows 版本的virtualenvwrapper，这个要比我们原始的virtualenv好用很多，执行命令：
pip install virtualenvwrapper-win
配置virtualenvwrapper 虚拟环境位置l想linux下面的.virtualenv，如果不做配置默认是C:\Users\用户\Envs，一把C盘空间不大所以我们把虚拟环境目录设置到其他空间比较大的目录
4.1 创建工作目录，例如我这里创建在：D:\Envs
4.2 为创建的工作目录设置环境变量，右键我的电脑
到此配置virtualenvwrapper工作目录完成
配置完成后重新启动cmd命令窗口，因为新配置的环境变量对当前dos窗口不生效
2026-08-23 19:00:30,050 - C:\Users\P72\PycharmProjects\AsIf\Itcast_qa_system\mysql_qa\sql_main.py[line:51] - EduRAG - INFO - 查询处理耗时 0.01秒
2026-08-23 19:01:13,479 - C:\Users\P72\PycharmProjects\AsIf\Itcast_qa_system\mysql_qa\sql_main.py[line:37] - EduRAG - INFO - 处理查询: 'PyCharm使用中文版本更好吗'
2026-08-23 19:01:13,480 - C:\Users\P72\PycharmProjects\AsIf\Itcast_qa_system\mysql_qa\utils\preprocess.py[line:10] - EduRAG - INFO - 开始预处理文本
2026-08-23 19:01:13,481 - C:\Users\P72\PycharmProjects\AsIf\Itcast_qa_system\mysql_qa\retrieval\bm25_search.py[line:86] - EduRAG - INFO - 搜索最高分 [1.000] 结果: ('PyCharm使用中文版本还是英文版本',)
2026-08-23 19:01:13,483 - C:\Users\P72\PycharmProjects\AsIf\Itcast_qa_system\mysql_qa\retrieval\bm25_search.py[line:97] - EduRAG - INFO - 搜索成功，Softmax 相似度: 1.000
2026-08-23 19:01:13,483 - C:\Users\P72\PycharmProjects\AsIf\Itcast_qa_system\mysql_qa\sql_main.py[line:42] - EduRAG - INFO - MySQL 答案: 强烈推荐使用英文版本，中文版本虽然一时半会儿可以让你更快熟悉PyCharm这个软件的部分功能的使用，但是英文IT界内大部分人都是使用的英文版本，所以使用中文版本就会有沟通问题，当你碰到什么问题，或者想要学习更多新功能的时候，此时看到的资料大部分都是英文的。所以推荐刚刚开始学习的时候就使用英文版本，这时候如果有碰到英文单词不知道什么意思，建议用工具查一下并且记录下来，PyCharm软件常用的英文单词很少，而且含义单一，很好记忆
2026-08-23 19:01:13,483 - C:\Users\P72\PycharmProjects\AsIf\Itcast_qa_system\mysql_qa\sql_main.py[line:51] - EduRAG - INFO - 查询处理耗时 0.00秒
2026-08-23 19:01:36,822 - C:\Users\P72\PycharmProjects\AsIf\Itcast_qa_system\mysql_qa\sql_main.py[line:37] - EduRAG - INFO - 处理查询: '如何创建线程安全的对象'
2026-08-23 19:01:36,823 - C:\Users\P72\PycharmProjects\AsIf\Itcast_qa_system\mysql_qa\utils\preprocess.py[line:10] - EduRAG - INFO - 开始预处理文本
2026-08-23 19:01:36,825 - C:\Users\P72\PycharmProjects\AsIf\Itcast_qa_system\mysql_qa\retrieval\bm25_search.py[line:86] - EduRAG - INFO - 搜索最高分 [1.000] 结果: ('如何创建线程安全的单例对象',)
2026-08-23 19:01:36,827 - C:\Users\P72\PycharmProjects\AsIf\Itcast_qa_system\mysql_qa\retrieval\bm25_search.py[line:97] - EduRAG - INFO - 搜索成功，Softmax 相似度: 1.000
2026-08-23 19:01:36,827 - C:\Users\P72\PycharmProjects\AsIf\Itcast_qa_system\mysql_qa\sql_main.py[line:42] - EduRAG - INFO - MySQL 答案: 一、首先，复习下课程中的讲解的单例对象的代码。

class Person(object):

    __instance = None
    __init_flag = False

    def __new__(cls,name):
        if cls.__instance == None:
            cls.__instance = object.__new__(cls)
            return cls.__instance

        else:
            return cls.__instance

    def __init__(self,name):
        if Person.__init_flag == False:
            self.name = name
            Person.__init_flag = True
2026-08-23 19:01:36,827 - C:\Users\P72\PycharmProjects\AsIf\Itcast_qa_system\mysql_qa\sql_main.py[line:51] - EduRAG - INFO - 查询处理耗时 0.00秒
2026-08-23 19:01:58,781 - C:\Users\P72\PycharmProjects\AsIf\Itcast_qa_system\mysql_qa\sql_main.py[line:37] - EduRAG - INFO - 处理查询: 'pip'
2026-08-23 19:01:58,782 - C:\Users\P72\PycharmProjects\AsIf\Itcast_qa_system\mysql_qa\utils\preprocess.py[line:10] - EduRAG - INFO - 开始预处理文本
2026-08-23 19:01:58,783 - C:\Users\P72\PycharmProjects\AsIf\Itcast_qa_system\mysql_qa\retrieval\bm25_search.py[line:86] - EduRAG - INFO - 搜索最高分 [0.140] 结果: ('ubuntu pip 安装包 timeout',)
2026-08-23 19:01:58,783 - C:\Users\P72\PycharmProjects\AsIf\Itcast_qa_system\mysql_qa\retrieval\bm25_search.py[line:101] - EduRAG - INFO - 未找到可靠答案，最高 Softmax 相似度: 0.140
2026-08-23 19:01:58,783 - C:\Users\P72\PycharmProjects\AsIf\Itcast_qa_system\mysql_qa\sql_main.py[line:45] - EduRAG - INFO - SQL中未找到答案, 需要调用RAG系统
2026-08-23 19:01:58,783 - C:\Users\P72\PycharmProjects\AsIf\Itcast_qa_system\mysql_qa\sql_main.py[line:51] - EduRAG - INFO - 查询处理耗时 0.00秒
2026-08-23 19:02:09,764 - C:\Users\P72\PycharmProjects\AsIf\Itcast_qa_system\mysql_qa\sql_main.py[line:37] - EduRAG - INFO - 处理查询: '怎么安pip'
2026-08-23 19:02:09,765 - C:\Users\P72\PycharmProjects\AsIf\Itcast_qa_system\mysql_qa\utils\preprocess.py[line:10] - EduRAG - INFO - 开始预处理文本
2026-08-23 19:02:09,765 - C:\Users\P72\PycharmProjects\AsIf\Itcast_qa_system\mysql_qa\retrieval\bm25_search.py[line:86] - EduRAG - INFO - 搜索最高分 [0.095] 结果: ('ubuntu pip 安装包 timeout',)
2026-08-23 19:02:09,766 - C:\Users\P72\PycharmProjects\AsIf\Itcast_qa_system\mysql_qa\retrieval\bm25_search.py[line:101] - EduRAG - INFO - 未找到可靠答案，最高 Softmax 相似度: 0.095
2026-08-23 19:02:09,766 - C:\Users\P72\PycharmProjects\AsIf\Itcast_qa_system\mysql_qa\sql_main.py[line:45] - EduRAG - INFO - SQL中未找到答案, 需要调用RAG系统
2026-08-23 19:02:09,766 - C:\Users\P72\PycharmProjects\AsIf\Itcast_qa_system\mysql_qa\sql_main.py[line:51] - EduRAG - INFO - 查询处理耗时 0.00秒
2026-08-23 19:02:33,264 - C:\Users\P72\PycharmProjects\AsIf\Itcast_qa_system\mysql_qa\db\mysql_client.py[line:115] - EduRAG - INFO - MySQL 连接已关闭
2026-08-23 19:02:39,304 - C:\Users\P72\PycharmProjects\AsIf\Itcast_qa_system\mysql_qa\db\mysql_client.py[line:24] - EduRAG - INFO - MySQL 连接成功
2026-08-23 19:02:39,330 - C:\Users\P72\PycharmProjects\AsIf\Itcast_qa_system\mysql_qa\retrieval\bm25_search.py[line:55] - EduRAG - INFO - BM25 模型初始化完成
2026-08-23 19:02:48,622 - C:\Users\P72\PycharmProjects\AsIf\Itcast_qa_system\mysql_qa\sql_main.py[line:37] - EduRAG - INFO - 处理查询: '怎么安装pip'
2026-08-23 19:02:48,623 - C:\Users\P72\PycharmProjects\AsIf\Itcast_qa_system\mysql_qa\utils\preprocess.py[line:10] - EduRAG - INFO - 开始预处理文本
2026-08-23 19:02:49,459 - C:\Users\P72\PycharmProjects\AsIf\Itcast_qa_system\mysql_qa\retrieval\bm25_search.py[line:86] - EduRAG - INFO - 搜索最高分 [0.295] 结果: 如何给某个特定的Python版本安装pip
2026-08-23 19:02:49,459 - C:\Users\P72\PycharmProjects\AsIf\Itcast_qa_system\mysql_qa\retrieval\bm25_search.py[line:101] - EduRAG - INFO - 未找到可靠答案，最高 Softmax 相似度: 0.295
2026-08-23 19:02:49,459 - C:\Users\P72\PycharmProjects\AsIf\Itcast_qa_system\mysql_qa\sql_main.py[line:45] - EduRAG - INFO - SQL中未找到答案, 需要调用RAG系统
2026-08-23 19:02:49,459 - C:\Users\P72\PycharmProjects\AsIf\Itcast_qa_system\mysql_qa\sql_main.py[line:51] - EduRAG - INFO - 查询处理耗时 0.84秒
2026-08-23 19:03:14,032 - C:\Users\P72\PycharmProjects\AsIf\Itcast_qa_system\mysql_qa\sql_main.py[line:37] - EduRAG - INFO - 处理查询: '如何安装redis'
2026-08-23 19:03:14,032 - C:\Users\P72\PycharmProjects\AsIf\Itcast_qa_system\mysql_qa\utils\preprocess.py[line:10] - EduRAG - INFO - 开始预处理文本
2026-08-23 19:03:14,033 - C:\Users\P72\PycharmProjects\AsIf\Itcast_qa_system\mysql_qa\retrieval\bm25_search.py[line:86] - EduRAG - INFO - 搜索最高分 [0.979] 结果: windows如何安装redis
2026-08-23 19:03:14,036 - C:\Users\P72\PycharmProjects\AsIf\Itcast_qa_system\mysql_qa\retrieval\bm25_search.py[line:97] - EduRAG - INFO - 搜索成功，Softmax 相似度: 0.979
2026-08-23 19:03:14,036 - C:\Users\P72\PycharmProjects\AsIf\Itcast_qa_system\mysql_qa\sql_main.py[line:42] - EduRAG - INFO - MySQL 答案:     安装3.0.504版本 下载链接，https://github.com/MicrosoftArchive/redis/releases 如果安装其他一些版本建议卸载重现安装此版本，当前gitbub只维护64位版本，如果想使用32位版本请另行查找连接
    安装redis过程中记得勾选把redis添加到环境变量，如果没有添加则需要自己把安装的redis添加到环境变量中
    redis-server redis.windows.conf  启动redis server
2026-08-23 19:03:14,037 - C:\Users\P72\PycharmProjects\AsIf\Itcast_qa_system\mysql_qa\sql_main.py[line:51] - EduRAG - INFO - 查询处理耗时 0.00秒
2026-08-23 19:26:16,112 - C:\Users\P72\PycharmProjects\AsIf\Itcast_qa_system\mysql_qa\db\mysql_client.py[line:115] - EduRAG - INFO - MySQL 连接已关闭
2026-08-23 21:00:03,308 - C:\Users\P72\PycharmProjects\AsIf\Itcast_qa_system\rag_qa\core\document_loader.py[line:80] - EduRAG - ERROR - 加载文件 /Users/P72/PycharmProjects/AsIf/Itcast_qa_system/rag_qa/data/ai_data\人工智能就业课课程大纲.md 失败: No module named 'unstructured'
2026-08-23 21:00:03,310 - C:\Users\P72\PycharmProjects\AsIf\Itcast_qa_system\rag_qa\core\document_loader.py[line:80] - EduRAG - ERROR - 加载文件 /Users/P72/PycharmProjects/AsIf/Itcast_qa_system/rag_qa/data/ai_data\人工智能就业课课程大纲.pdf 失败: No module named 'rapidocr_onnxruntime'
2026-08-23 21:00:03,312 - C:\Users\P72\PycharmProjects\AsIf\Itcast_qa_system\rag_qa\core\document_loader.py[line:80] - EduRAG - ERROR - 加载文件 /Users/P72/PycharmProjects/AsIf/Itcast_qa_system/rag_qa/data/ai_data\黑马教育课程咨询知识库.pdf 失败: No module named 'rapidocr_onnxruntime'
2026-08-23 21:00:03,312 - C:\Users\P72\PycharmProjects\AsIf\Itcast_qa_system\rag_qa\core\document_loader.py[line:96] - EduRAG - INFO - 加载的文档数量: 0
2026-08-23 21:00:03,312 - C:\Users\P72\PycharmProjects\AsIf\Itcast_qa_system\rag_qa\core\document_loader.py[line:146] - EduRAG - INFO - 子块数量: 0
2026-08-23 21:04:01,033 - C:\Users\P72\PycharmProjects\AsIf\Itcast_qa_system\rag_qa\core\document_loader.py[line:80] - EduRAG - ERROR - 加载文件 /Users/P72/PycharmProjects/AsIf/Itcast_qa_system/rag_qa/data/ai_data\人工智能就业课课程大纲.md 失败: No module named 'markdown'
2026-08-23 21:04:01,653 - C:\Users\P72\PycharmProjects\AsIf\Itcast_qa_system\rag_qa\core\document_loader.py[line:76] - EduRAG - INFO - 成功加载文件: /Users/P72/PycharmProjects/AsIf/Itcast_qa_system/rag_qa/data/ai_data\人工智能就业课课程大纲.pdf
2026-08-23 21:04:02,226 - C:\Users\P72\PycharmProjects\AsIf\Itcast_qa_system\rag_qa\core\document_loader.py[line:76] - EduRAG - INFO - 成功加载文件: /Users/P72/PycharmProjects/AsIf/Itcast_qa_system/rag_qa/data/ai_data\黑马教育课程咨询知识库.pdf
2026-08-23 21:04:02,226 - C:\Users\P72\PycharmProjects\AsIf\Itcast_qa_system\rag_qa\core\document_loader.py[line:96] - EduRAG - INFO - 加载的文档数量: 2
2026-08-23 21:04:02,226 - C:\Users\P72\PycharmProjects\AsIf\Itcast_qa_system\rag_qa\core\document_loader.py[line:118] - EduRAG - INFO - 处理文档: /Users/P72/PycharmProjects/AsIf/Itcast_qa_system/rag_qa/data/ai_data\人工智能就业课课程大纲.pdf, 使用切分器: ChineseRecursive
2026-08-23 21:04:02,229 - C:\Users\P72\PycharmProjects\AsIf\Itcast_qa_system\rag_qa\core\document_loader.py[line:118] - EduRAG - INFO - 处理文档: /Users/P72/PycharmProjects/AsIf/Itcast_qa_system/rag_qa/data/ai_data\黑马教育课程咨询知识库.pdf, 使用切分器: ChineseRecursive
2026-08-23 21:04:02,230 - C:\Users\P72\PycharmProjects\AsIf\Itcast_qa_system\rag_qa\core\document_loader.py[line:146] - EduRAG - INFO - 子块数量: 84
2026-08-23 21:06:45,664 - C:\Users\P72\PycharmProjects\AsIf\Itcast_qa_system\rag_qa\core\document_loader.py[line:79] - EduRAG - ERROR - 加载文件 /Users/P72/PycharmProjects/AsIf/Itcast_qa_system/rag_qa/data/ai_data\人工智能就业课课程大纲.md 失败: 
**********************************************************************
  Resource 'punkt_tab' not found.
  Please use the NLTK Downloader to obtain the resource:

  >>> import nltk
  >>> nltk.download('punkt_tab')

  For more information see: https://www.nltk.org/data.html

  Attempted to load 'tokenizers/punkt_tab/english/'

  Searched in:
    - 'C:\\Users\\P72/nltk_data'
    - 'C:\\Users\\P72\\PycharmProjects\\AsIf\\.venv\\nltk_data'
    - 'C:\\Users\\P72\\PycharmProjects\\AsIf\\.venv\\share\\nltk_data'
    - 'C:\\Users\\P72\\PycharmProjects\\AsIf\\.venv\\lib\\nltk_data'
    - 'C:\\Users\\P72\\AppData\\Roaming\\nltk_data'
    - 'C:\\nltk_data'
    - 'D:\\nltk_data'
    - 'E:\\nltk_data'
**********************************************************************

2026-08-23 21:06:46,281 - C:\Users\P72\PycharmProjects\AsIf\Itcast_qa_system\rag_qa\core\document_loader.py[line:75] - EduRAG - INFO - 成功加载文件: /Users/P72/PycharmProjects/AsIf/Itcast_qa_system/rag_qa/data/ai_data\人工智能就业课课程大纲.pdf
2026-08-23 21:06:46,798 - C:\Users\P72\PycharmProjects\AsIf\Itcast_qa_system\rag_qa\core\document_loader.py[line:75] - EduRAG - INFO - 成功加载文件: /Users/P72/PycharmProjects/AsIf/Itcast_qa_system/rag_qa/data/ai_data\黑马教育课程咨询知识库.pdf
2026-08-23 21:06:46,799 - C:\Users\P72\PycharmProjects\AsIf\Itcast_qa_system\rag_qa\core\document_loader.py[line:95] - EduRAG - INFO - 加载的文档数量: 2
2026-08-23 21:06:46,799 - C:\Users\P72\PycharmProjects\AsIf\Itcast_qa_system\rag_qa\core\document_loader.py[line:117] - EduRAG - INFO - 处理文档: /Users/P72/PycharmProjects/AsIf/Itcast_qa_system/rag_qa/data/ai_data\人工智能就业课课程大纲.pdf, 使用切分器: ChineseRecursive
2026-08-23 21:06:46,801 - C:\Users\P72\PycharmProjects\AsIf\Itcast_qa_system\rag_qa\core\document_loader.py[line:117] - EduRAG - INFO - 处理文档: /Users/P72/PycharmProjects/AsIf/Itcast_qa_system/rag_qa/data/ai_data\黑马教育课程咨询知识库.pdf, 使用切分器: ChineseRecursive
2026-08-23 21:06:46,802 - C:\Users\P72\PycharmProjects\AsIf\Itcast_qa_system\rag_qa\core\document_loader.py[line:145] - EduRAG - INFO - 子块数量: 84
2026-08-23 21:08:52,331 - C:\Users\P72\PycharmProjects\AsIf\Itcast_qa_system\rag_qa\core\document_loader.py[line:75] - EduRAG - INFO - 成功加载文件: /Users/P72/PycharmProjects/AsIf/Itcast_qa_system/rag_qa/data/ai_data\人工智能就业课课程大纲.md
2026-08-23 21:08:53,291 - C:\Users\P72\PycharmProjects\AsIf\Itcast_qa_system\rag_qa\core\document_loader.py[line:75] - EduRAG - INFO - 成功加载文件: /Users/P72/PycharmProjects/AsIf/Itcast_qa_system/rag_qa/data/ai_data\人工智能就业课课程大纲.pdf
2026-08-23 21:08:53,990 - C:\Users\P72\PycharmProjects\AsIf\Itcast_qa_system\rag_qa\core\document_loader.py[line:75] - EduRAG - INFO - 成功加载文件: /Users/P72/PycharmProjects/AsIf/Itcast_qa_system/rag_qa/data/ai_data\黑马教育课程咨询知识库.pdf
2026-08-23 21:08:53,990 - C:\Users\P72\PycharmProjects\AsIf\Itcast_qa_system\rag_qa\core\document_loader.py[line:95] - EduRAG - INFO - 加载的文档数量: 3
2026-08-23 21:08:53,990 - C:\Users\P72\PycharmProjects\AsIf\Itcast_qa_system\rag_qa\core\document_loader.py[line:117] - EduRAG - INFO - 处理文档: /Users/P72/PycharmProjects/AsIf/Itcast_qa_system/rag_qa/data/ai_data\人工智能就业课课程大纲.md, 使用切分器: Markdown
2026-08-23 21:08:53,996 - C:\Users\P72\PycharmProjects\AsIf\Itcast_qa_system\rag_qa\core\document_loader.py[line:117] - EduRAG - INFO - 处理文档: /Users/P72/PycharmProjects/AsIf/Itcast_qa_system/rag_qa/data/ai_data\人工智能就业课课程大纲.pdf, 使用切分器: ChineseRecursive
2026-08-23 21:08:53,998 - C:\Users\P72\PycharmProjects\AsIf\Itcast_qa_system\rag_qa\core\document_loader.py[line:117] - EduRAG - INFO - 处理文档: /Users/P72/PycharmProjects/AsIf/Itcast_qa_system/rag_qa/data/ai_data\黑马教育课程咨询知识库.pdf, 使用切分器: ChineseRecursive
2026-08-23 21:08:53,999 - C:\Users\P72\PycharmProjects\AsIf\Itcast_qa_system\rag_qa\core\document_loader.py[line:145] - EduRAG - INFO - 子块数量: 229
2026-08-23 22:57:29,214 - C:\Users\P72\PycharmProjects\AsIf\Itcast_qa_system\rag_qa\core\vector_store.py[line:52] - EduRAG - INFO - 使用设置：cpu
2026-08-23 22:57:33,679 - C:\Users\P72\PycharmProjects\AsIf\Itcast_qa_system\rag_qa\core\vector_store.py[line:118] - EduRAG - INFO - 已加载集合 edurag_0421
2026-08-23 22:57:38,550 - C:\Users\P72\PycharmProjects\AsIf\Itcast_qa_system\rag_qa\core\document_processor.py[line:96] - EduRAG - INFO - 成功加载文件: /Users/P72/PycharmProjects/AsIf/Itcast_qa_system/rag_qa/data/ai_data\人工智能就业课课程大纲.md
2026-08-23 22:57:39,470 - C:\Users\P72\PycharmProjects\AsIf\Itcast_qa_system\rag_qa\core\document_processor.py[line:96] - EduRAG - INFO - 成功加载文件: /Users/P72/PycharmProjects/AsIf/Itcast_qa_system/rag_qa/data/ai_data\人工智能就业课课程大纲.pdf
2026-08-23 22:57:39,992 - C:\Users\P72\PycharmProjects\AsIf\Itcast_qa_system\rag_qa\core\document_processor.py[line:96] - EduRAG - INFO - 成功加载文件: /Users/P72/PycharmProjects/AsIf/Itcast_qa_system/rag_qa/data/ai_data\黑马教育课程咨询知识库.pdf
2026-08-23 22:57:39,992 - C:\Users\P72\PycharmProjects\AsIf\Itcast_qa_system\rag_qa\core\document_processor.py[line:114] - EduRAG - INFO - 加载的文档数量: 3
2026-08-23 22:57:39,992 - C:\Users\P72\PycharmProjects\AsIf\Itcast_qa_system\rag_qa\core\document_processor.py[line:139] - EduRAG - INFO - 处理文档: /Users/P72/PycharmProjects/AsIf/Itcast_qa_system/rag_qa/data/ai_data\人工智能就业课课程大纲.md, 使用切分器: Markdown
2026-08-23 22:57:39,996 - C:\Users\P72\PycharmProjects\AsIf\Itcast_qa_system\rag_qa\core\document_processor.py[line:139] - EduRAG - INFO - 处理文档: /Users/P72/PycharmProjects/AsIf/Itcast_qa_system/rag_qa/data/ai_data\人工智能就业课课程大纲.pdf, 使用切分器: ChineseRecursive
2026-08-23 22:57:39,999 - C:\Users\P72\PycharmProjects\AsIf\Itcast_qa_system\rag_qa\core\document_processor.py[line:139] - EduRAG - INFO - 处理文档: /Users/P72/PycharmProjects/AsIf/Itcast_qa_system/rag_qa/data/ai_data\黑马教育课程咨询知识库.pdf, 使用切分器: ChineseRecursive
2026-08-23 22:57:39,999 - C:\Users\P72\PycharmProjects\AsIf\Itcast_qa_system\rag_qa\core\document_processor.py[line:172] - EduRAG - INFO - 子块数量: 229
2026-08-23 22:59:52,448 - C:\Users\P72\PycharmProjects\AsIf\Itcast_qa_system\rag_qa\core\vector_store.py[line:52] - EduRAG - INFO - 使用设置：cpu
2026-08-23 22:59:58,563 - C:\Users\P72\PycharmProjects\AsIf\Itcast_qa_system\rag_qa\core\vector_store.py[line:114] - EduRAG - INFO - 已创建集合 edurag_0421
2026-08-23 23:00:02,089 - C:\Users\P72\PycharmProjects\AsIf\Itcast_qa_system\rag_qa\core\document_processor.py[line:96] - EduRAG - INFO - 成功加载文件: /Users/P72/PycharmProjects/AsIf/Itcast_qa_system/rag_qa/data/ai_data\人工智能就业课课程大纲.md
2026-08-23 23:00:02,678 - C:\Users\P72\PycharmProjects\AsIf\Itcast_qa_system\rag_qa\core\document_processor.py[line:96] - EduRAG - INFO - 成功加载文件: /Users/P72/PycharmProjects/AsIf/Itcast_qa_system/rag_qa/data/ai_data\人工智能就业课课程大纲.pdf
2026-08-23 23:00:03,164 - C:\Users\P72\PycharmProjects\AsIf\Itcast_qa_system\rag_qa\core\document_processor.py[line:96] - EduRAG - INFO - 成功加载文件: /Users/P72/PycharmProjects/AsIf/Itcast_qa_system/rag_qa/data/ai_data\黑马教育课程咨询知识库.pdf
2026-08-23 23:00:03,164 - C:\Users\P72\PycharmProjects\AsIf\Itcast_qa_system\rag_qa\core\document_processor.py[line:114] - EduRAG - INFO - 加载的文档数量: 3
2026-08-23 23:00:03,164 - C:\Users\P72\PycharmProjects\AsIf\Itcast_qa_system\rag_qa\core\document_processor.py[line:139] - EduRAG - INFO - 处理文档: /Users/P72/PycharmProjects/AsIf/Itcast_qa_system/rag_qa/data/ai_data\人工智能就业课课程大纲.md, 使用切分器: Markdown
2026-08-23 23:00:03,169 - C:\Users\P72\PycharmProjects\AsIf\Itcast_qa_system\rag_qa\core\document_processor.py[line:139] - EduRAG - INFO - 处理文档: /Users/P72/PycharmProjects/AsIf/Itcast_qa_system/rag_qa/data/ai_data\人工智能就业课课程大纲.pdf, 使用切分器: ChineseRecursive
2026-08-23 23:00:03,172 - C:\Users\P72\PycharmProjects\AsIf\Itcast_qa_system\rag_qa\core\document_processor.py[line:139] - EduRAG - INFO - 处理文档: /Users/P72/PycharmProjects/AsIf/Itcast_qa_system/rag_qa/data/ai_data\黑马教育课程咨询知识库.pdf, 使用切分器: ChineseRecursive
2026-08-23 23:00:03,173 - C:\Users\P72\PycharmProjects\AsIf\Itcast_qa_system\rag_qa\core\document_processor.py[line:172] - EduRAG - INFO - 子块数量: 229
2026-08-23 23:00:36,668 - C:\Users\P72\PycharmProjects\AsIf\Itcast_qa_system\rag_qa\core\vector_store.py[line:193] - EduRAG - INFO - 已插入或更新 229 个文档
2026-08-24 10:59:10,062 - C:\Users\P72\PycharmProjects\AsIf\Itcast_qa_system\rag_qa\core\query_classifier.py[line:35] - EduRAG - INFO - 使用设备: cpu
2026-08-24 10:59:10,148 - C:\Users\P72\PycharmProjects\AsIf\Itcast_qa_system\rag_qa\core\query_classifier.py[line:49] - EduRAG - INFO - 加载模型: /Users/P72/PycharmProjects/AsIf/Itcast_qa_system/rag_qa/core/bert_query_classifier
2026-08-24 10:59:10,407 - C:\Users\P72\PycharmProjects\AsIf\Itcast_qa_system\rag_qa\core\query_classifier.py[line:149] - EduRAG - INFO - 开始训练 BERT 模型...
2026-08-24 11:01:11,610 - C:\Users\P72\PycharmProjects\AsIf\Itcast_qa_system\rag_qa\core\query_classifier.py[line:62] - EduRAG - INFO - 模型保存至: /Users/P72/PycharmProjects/AsIf/Itcast_qa_system/rag_qa/core/bert_query_classifier
2026-08-24 11:01:16,356 - C:\Users\P72\PycharmProjects\AsIf\Itcast_qa_system\rag_qa\core\query_classifier.py[line:181] - EduRAG - INFO - 分类报告:
2026-08-24 11:01:16,370 - C:\Users\P72\PycharmProjects\AsIf\Itcast_qa_system\rag_qa\core\query_classifier.py[line:187] - EduRAG - INFO - 混淆矩阵:
2026-08-24 11:01:16,373 - C:\Users\P72\PycharmProjects\AsIf\Itcast_qa_system\rag_qa\core\query_classifier.py[line:188] - EduRAG - INFO - [[ 85   1]
 [  0 105]]
2026-08-24 11:13:02,389 - C:\Users\P72\PycharmProjects\AsIf\Itcast_qa_system\rag_qa\core\strategy_selector.py[line:84] - EduRAG - INFO - 为查询 'AI大模型的课程大纲和JAVA的课程大纲，以及AI的课程学费？' 选择的检索策略：子查询检索
2026-08-24 12:32:11,897 - C:\Users\P72\PycharmProjects\AsIf\Itcast_qa_system\rag_qa\core\vector_store.py[line:52] - EduRAG - INFO - 使用设置：cpu
2026-08-24 12:32:16,748 - C:\Users\P72\PycharmProjects\AsIf\Itcast_qa_system\rag_qa\core\vector_store.py[line:118] - EduRAG - INFO - 已加载集合 edurag_0421
2026-08-24 12:32:16,758 - C:\Users\P72\PycharmProjects\AsIf\Itcast_qa_system\rag_qa\rag_main.py[line:111] - EduRAG - INFO - 进入交互式查询模式...
2026-08-24 12:32:16,787 - C:\Users\P72\PycharmProjects\AsIf\Itcast_qa_system\rag_qa\core\query_classifier.py[line:35] - EduRAG - INFO - 使用设备: cpu
2026-08-24 12:32:16,867 - C:\Users\P72\PycharmProjects\AsIf\Itcast_qa_system\rag_qa\core\query_classifier.py[line:49] - EduRAG - INFO - 加载模型: /Users/P72/PycharmProjects/AsIf/Itcast_qa_system/rag_qa/core/bert_query_classifier
2026-08-24 12:32:31,128 - C:\Users\P72\PycharmProjects\AsIf\Itcast_qa_system\rag_qa\rag_main.py[line:136] - EduRAG - INFO - 用户选择了学科过滤: java
2026-08-24 12:32:31,128 - C:\Users\P72\PycharmProjects\AsIf\Itcast_qa_system\rag_qa\core\rag_system.py[line:137] - EduRAG - INFO - 开始处理查询: 'java', 学科过滤: java
2026-08-24 12:32:31,291 - C:\Users\P72\PycharmProjects\AsIf\Itcast_qa_system\rag_qa\core\rag_system.py[line:141] - EduRAG - INFO - 查询分类结果：通用知识 (查询: 'java')
2026-08-24 12:32:31,291 - C:\Users\P72\PycharmProjects\AsIf\Itcast_qa_system\rag_qa\core\rag_system.py[line:145] - EduRAG - INFO - 查询为通用知识，直接调用 LLM
2026-08-24 12:32:33,103 - C:\Users\P72\PycharmProjects\AsIf\Itcast_qa_system\rag_qa\core\rag_system.py[line:155] - EduRAG - INFO - 通用知识查询处理完成 (耗时: 1.97s, 查询: 'java')
2026-08-24 12:32:50,245 - C:\Users\P72\PycharmProjects\AsIf\Itcast_qa_system\rag_qa\rag_main.py[line:136] - EduRAG - INFO - 用户选择了学科过滤: java
2026-08-24 12:32:50,245 - C:\Users\P72\PycharmProjects\AsIf\Itcast_qa_system\rag_qa\core\rag_system.py[line:137] - EduRAG - INFO - 开始处理查询: '课程体系是什么', 学科过滤: java
2026-08-24 12:32:50,282 - C:\Users\P72\PycharmProjects\AsIf\Itcast_qa_system\rag_qa\core\rag_system.py[line:141] - EduRAG - INFO - 查询分类结果：专业咨询 (查询: '课程体系是什么')
2026-08-24 12:32:50,282 - C:\Users\P72\PycharmProjects\AsIf\Itcast_qa_system\rag_qa\core\rag_system.py[line:161] - EduRAG - INFO - 查询为专业咨询，执行 RAG 流程
2026-08-24 12:32:52,250 - C:\Users\P72\PycharmProjects\AsIf\Itcast_qa_system\rag_qa\core\strategy_selector.py[line:84] - EduRAG - INFO - 为查询 '课程体系是什么' 选择的检索策略：直接检索
2026-08-24 12:32:52,250 - C:\Users\P72\PycharmProjects\AsIf\Itcast_qa_system\rag_qa\core\rag_system.py[line:123] - EduRAG - INFO - 使用直接检索策略 (查询: '课程体系是什么')
2026-08-24 12:32:52,711 - C:\Users\P72\PycharmProjects\AsIf\Itcast_qa_system\rag_qa\core\rag_system.py[line:128] - EduRAG - INFO - 策略 '直接检索' 检索到 0 个候选文档 (可能已是父文档)
2026-08-24 12:32:52,711 - C:\Users\P72\PycharmProjects\AsIf\Itcast_qa_system\rag_qa\core\rag_system.py[line:130] - EduRAG - INFO - 最终选取 0 个文档作为上下文
2026-08-24 12:32:52,711 - C:\Users\P72\PycharmProjects\AsIf\Itcast_qa_system\rag_qa\core\rag_system.py[line:177] - EduRAG - INFO - 未检索到相关文档，上下文为空
2026-08-24 12:32:53,835 - C:\Users\P72\PycharmProjects\AsIf\Itcast_qa_system\rag_qa\core\rag_system.py[line:193] - EduRAG - INFO - 查询处理完成 (耗时: 3.59s, 查询: '课程体系是什么')
2026-08-24 12:33:26,039 - C:\Users\P72\PycharmProjects\AsIf\Itcast_qa_system\rag_qa\rag_main.py[line:136] - EduRAG - INFO - 用户选择了学科过滤: ai
2026-08-24 12:33:26,039 - C:\Users\P72\PycharmProjects\AsIf\Itcast_qa_system\rag_qa\core\rag_system.py[line:137] - EduRAG - INFO - 开始处理查询: '课程体系', 学科过滤: ai
2026-08-24 12:33:26,074 - C:\Users\P72\PycharmProjects\AsIf\Itcast_qa_system\rag_qa\core\rag_system.py[line:141] - EduRAG - INFO - 查询分类结果：专业咨询 (查询: '课程体系')
2026-08-24 12:33:26,075 - C:\Users\P72\PycharmProjects\AsIf\Itcast_qa_system\rag_qa\core\rag_system.py[line:161] - EduRAG - INFO - 查询为专业咨询，执行 RAG 流程
2026-08-24 12:33:26,789 - C:\Users\P72\PycharmProjects\AsIf\Itcast_qa_system\rag_qa\core\strategy_selector.py[line:84] - EduRAG - INFO - 为查询 '课程体系' 选择的检索策略：直接检索
2026-08-24 12:33:26,789 - C:\Users\P72\PycharmProjects\AsIf\Itcast_qa_system\rag_qa\core\rag_system.py[line:123] - EduRAG - INFO - 使用直接检索策略 (查询: '课程体系')
2026-08-24 12:33:27,160 - C:\Users\P72\PycharmProjects\AsIf\Itcast_qa_system\rag_qa\core\rag_system.py[line:128] - EduRAG - INFO - 策略 '直接检索' 检索到 1 个候选文档 (可能已是父文档)
2026-08-24 12:33:27,161 - C:\Users\P72\PycharmProjects\AsIf\Itcast_qa_system\rag_qa\core\rag_system.py[line:130] - EduRAG - INFO - 最终选取 1 个文档作为上下文
2026-08-24 12:33:27,161 - C:\Users\P72\PycharmProjects\AsIf\Itcast_qa_system\rag_qa\core\rag_system.py[line:173] - EduRAG - INFO - 构建上下文完成，包含 1 个文档块
2026-08-24 12:33:35,604 - C:\Users\P72\PycharmProjects\AsIf\Itcast_qa_system\rag_qa\core\rag_system.py[line:193] - EduRAG - INFO - 查询处理完成 (耗时: 9.57s, 查询: '课程体系')
2026-08-24 12:34:39,143 - C:\Users\P72\PycharmProjects\AsIf\Itcast_qa_system\rag_qa\rag_main.py[line:138] - EduRAG - WARNING - 无效的学科类别 'python'，将不过滤
2026-08-24 12:34:39,143 - C:\Users\P72\PycharmProjects\AsIf\Itcast_qa_system\rag_qa\core\rag_system.py[line:137] - EduRAG - INFO - 开始处理查询: '基础概念', 学科过滤: None
2026-08-24 12:34:39,177 - C:\Users\P72\PycharmProjects\AsIf\Itcast_qa_system\rag_qa\core\rag_system.py[line:141] - EduRAG - INFO - 查询分类结果：通用知识 (查询: '基础概念')
2026-08-24 12:34:39,177 - C:\Users\P72\PycharmProjects\AsIf\Itcast_qa_system\rag_qa\core\rag_system.py[line:145] - EduRAG - INFO - 查询为通用知识，直接调用 LLM
2026-08-24 12:34:40,184 - C:\Users\P72\PycharmProjects\AsIf\Itcast_qa_system\rag_qa\core\rag_system.py[line:155] - EduRAG - INFO - 通用知识查询处理完成 (耗时: 1.04s, 查询: '基础概念')
2026-08-24 12:34:54,686 - C:\Users\P72\PycharmProjects\AsIf\Itcast_qa_system\rag_qa\rag_main.py[line:136] - EduRAG - INFO - 用户选择了学科过滤: ai
2026-08-24 12:34:54,686 - C:\Users\P72\PycharmProjects\AsIf\Itcast_qa_system\rag_qa\core\rag_system.py[line:137] - EduRAG - INFO - 开始处理查询: '如何安装和使用本地大模型', 学科过滤: ai
2026-08-24 12:34:54,730 - C:\Users\P72\PycharmProjects\AsIf\Itcast_qa_system\rag_qa\core\rag_system.py[line:141] - EduRAG - INFO - 查询分类结果：通用知识 (查询: '如何安装和使用本地大模型')
2026-08-24 12:34:54,730 - C:\Users\P72\PycharmProjects\AsIf\Itcast_qa_system\rag_qa\core\rag_system.py[line:145] - EduRAG - INFO - 查询为通用知识，直接调用 LLM
2026-08-24 12:35:20,809 - C:\Users\P72\PycharmProjects\AsIf\Itcast_qa_system\rag_qa\core\rag_system.py[line:155] - EduRAG - INFO - 通用知识查询处理完成 (耗时: 26.12s, 查询: '如何安装和使用本地大模型')
2026-08-24 12:35:31,357 - C:\Users\P72\PycharmProjects\AsIf\Itcast_qa_system\rag_qa\rag_main.py[line:136] - EduRAG - INFO - 用户选择了学科过滤: ai
2026-08-24 12:35:31,357 - C:\Users\P72\PycharmProjects\AsIf\Itcast_qa_system\rag_qa\core\rag_system.py[line:137] - EduRAG - INFO - 开始处理查询: '基础概念', 学科过滤: ai
2026-08-24 12:35:31,394 - C:\Users\P72\PycharmProjects\AsIf\Itcast_qa_system\rag_qa\core\rag_system.py[line:141] - EduRAG - INFO - 查询分类结果：通用知识 (查询: '基础概念')
2026-08-24 12:35:31,395 - C:\Users\P72\PycharmProjects\AsIf\Itcast_qa_system\rag_qa\core\rag_system.py[line:145] - EduRAG - INFO - 查询为通用知识，直接调用 LLM
2026-08-24 12:35:32,402 - C:\Users\P72\PycharmProjects\AsIf\Itcast_qa_system\rag_qa\core\rag_system.py[line:155] - EduRAG - INFO - 通用知识查询处理完成 (耗时: 1.04s, 查询: '基础概念')
2026-08-24 12:35:48,022 - C:\Users\P72\PycharmProjects\AsIf\Itcast_qa_system\rag_qa\rag_main.py[line:136] - EduRAG - INFO - 用户选择了学科过滤: ai
2026-08-24 12:35:48,022 - C:\Users\P72\PycharmProjects\AsIf\Itcast_qa_system\rag_qa\core\rag_system.py[line:137] - EduRAG - INFO - 开始处理查询: '培训特色', 学科过滤: ai
2026-08-24 12:35:48,057 - C:\Users\P72\PycharmProjects\AsIf\Itcast_qa_system\rag_qa\core\rag_system.py[line:141] - EduRAG - INFO - 查询分类结果：专业咨询 (查询: '培训特色')
2026-08-24 12:35:48,057 - C:\Users\P72\PycharmProjects\AsIf\Itcast_qa_system\rag_qa\core\rag_system.py[line:161] - EduRAG - INFO - 查询为专业咨询，执行 RAG 流程
2026-08-24 12:35:48,822 - C:\Users\P72\PycharmProjects\AsIf\Itcast_qa_system\rag_qa\core\strategy_selector.py[line:84] - EduRAG - INFO - 为查询 '培训特色' 选择的检索策略：直接检索
2026-08-24 12:35:48,823 - C:\Users\P72\PycharmProjects\AsIf\Itcast_qa_system\rag_qa\core\rag_system.py[line:123] - EduRAG - INFO - 使用直接检索策略 (查询: '培训特色')
2026-08-24 12:35:49,180 - C:\Users\P72\PycharmProjects\AsIf\Itcast_qa_system\rag_qa\core\rag_system.py[line:128] - EduRAG - INFO - 策略 '直接检索' 检索到 1 个候选文档 (可能已是父文档)
2026-08-24 12:35:49,180 - C:\Users\P72\PycharmProjects\AsIf\Itcast_qa_system\rag_qa\core\rag_system.py[line:130] - EduRAG - INFO - 最终选取 1 个文档作为上下文
2026-08-24 12:35:49,180 - C:\Users\P72\PycharmProjects\AsIf\Itcast_qa_system\rag_qa\core\rag_system.py[line:173] - EduRAG - INFO - 构建上下文完成，包含 1 个文档块
2026-08-24 12:35:57,278 - C:\Users\P72\PycharmProjects\AsIf\Itcast_qa_system\rag_qa\core\rag_system.py[line:193] - EduRAG - INFO - 查询处理完成 (耗时: 9.26s, 查询: '培训特色')
2026-08-24 12:37:55,126 - C:\Users\P72\PycharmProjects\AsIf\Itcast_qa_system\rag_qa\core\vector_store.py[line:52] - EduRAG - INFO - 使用设置：cpu
2026-08-24 12:37:59,465 - C:\Users\P72\PycharmProjects\AsIf\Itcast_qa_system\rag_qa\core\vector_store.py[line:118] - EduRAG - INFO - 已加载集合 edurag_0421
2026-08-24 12:37:59,472 - C:\Users\P72\PycharmProjects\AsIf\Itcast_qa_system\rag_qa\rag_main.py[line:111] - EduRAG - INFO - 进入交互式查询模式...
2026-08-24 12:37:59,507 - C:\Users\P72\PycharmProjects\AsIf\Itcast_qa_system\rag_qa\core\query_classifier.py[line:35] - EduRAG - INFO - 使用设备: cpu
2026-08-24 12:37:59,572 - C:\Users\P72\PycharmProjects\AsIf\Itcast_qa_system\rag_qa\core\query_classifier.py[line:49] - EduRAG - INFO - 加载模型: /Users/P72/PycharmProjects/AsIf/Itcast_qa_system/rag_qa/core/bert_query_classifier
2026-08-24 12:38:13,537 - C:\Users\P72\PycharmProjects\AsIf\Itcast_qa_system\rag_qa\rag_main.py[line:136] - EduRAG - INFO - 用户选择了学科过滤: ai
2026-08-24 12:38:13,537 - C:\Users\P72\PycharmProjects\AsIf\Itcast_qa_system\rag_qa\core\rag_system.py[line:137] - EduRAG - INFO - 开始处理查询: '课程大纲', 学科过滤: ai
2026-08-24 12:38:13,620 - C:\Users\P72\PycharmProjects\AsIf\Itcast_qa_system\rag_qa\core\rag_system.py[line:141] - EduRAG - INFO - 查询分类结果：专业咨询 (查询: '课程大纲')
2026-08-24 12:38:13,620 - C:\Users\P72\PycharmProjects\AsIf\Itcast_qa_system\rag_qa\core\rag_system.py[line:161] - EduRAG - INFO - 查询为专业咨询，执行 RAG 流程
2026-08-24 12:38:15,068 - C:\Users\P72\PycharmProjects\AsIf\Itcast_qa_system\rag_qa\core\strategy_selector.py[line:84] - EduRAG - INFO - 为查询 '课程大纲' 选择的检索策略：直接检索
2026-08-24 12:38:15,068 - C:\Users\P72\PycharmProjects\AsIf\Itcast_qa_system\rag_qa\core\rag_system.py[line:123] - EduRAG - INFO - 使用直接检索策略 (查询: '课程大纲')
2026-08-24 12:38:18,850 - C:\Users\P72\PycharmProjects\AsIf\Itcast_qa_system\rag_qa\core\rag_system.py[line:128] - EduRAG - INFO - 策略 '直接检索' 检索到 4 个候选文档 (可能已是父文档)
2026-08-24 12:38:18,851 - C:\Users\P72\PycharmProjects\AsIf\Itcast_qa_system\rag_qa\core\rag_system.py[line:130] - EduRAG - INFO - 最终选取 4 个文档作为上下文
2026-08-24 12:38:18,851 - C:\Users\P72\PycharmProjects\AsIf\Itcast_qa_system\rag_qa\core\rag_system.py[line:173] - EduRAG - INFO - 构建上下文完成，包含 4 个文档块
2026-08-24 12:38:31,539 - C:\Users\P72\PycharmProjects\AsIf\Itcast_qa_system\rag_qa\core\rag_system.py[line:193] - EduRAG - INFO - 查询处理完成 (耗时: 18.00s, 查询: '课程大纲')
2026-08-24 12:39:22,052 - C:\Users\P72\PycharmProjects\AsIf\Itcast_qa_system\rag_qa\core\rag_system.py[line:137] - EduRAG - INFO - 开始处理查询: 'AI大模型的课程大纲和JAVA的课程大纲，以及AI的课程学费', 学科过滤: None
2026-08-24 12:39:22,113 - C:\Users\P72\PycharmProjects\AsIf\Itcast_qa_system\rag_qa\core\rag_system.py[line:141] - EduRAG - INFO - 查询分类结果：专业咨询 (查询: 'AI大模型的课程大纲和JAVA的课程大纲，以及AI的课程学费')
2026-08-24 12:39:22,114 - C:\Users\P72\PycharmProjects\AsIf\Itcast_qa_system\rag_qa\core\rag_system.py[line:161] - EduRAG - INFO - 查询为专业咨询，执行 RAG 流程
2026-08-24 12:39:22,684 - C:\Users\P72\PycharmProjects\AsIf\Itcast_qa_system\rag_qa\core\strategy_selector.py[line:84] - EduRAG - INFO - 为查询 'AI大模型的课程大纲和JAVA的课程大纲，以及AI的课程学费' 选择的检索策略：子查询检索
2026-08-24 12:39:22,684 - C:\Users\P72\PycharmProjects\AsIf\Itcast_qa_system\rag_qa\core\rag_system.py[line:51] - EduRAG - INFO - 使用子查询策略进行检索 (查询: 'AI大模型的课程大纲和JAVA的课程大纲，以及AI的课程学费')
2026-08-24 12:39:24,238 - C:\Users\P72\PycharmProjects\AsIf\Itcast_qa_system\rag_qa\core\rag_system.py[line:58] - EduRAG - INFO - 生成的子查询: ['AI大模型的课程大纲', 'JAVA的课程大纲', 'AI的课程学费']
2026-08-24 12:39:30,496 - C:\Users\P72\PycharmProjects\AsIf\Itcast_qa_system\rag_qa\core\rag_system.py[line:73] - EduRAG - INFO - 子查询 'AI大模型的课程大纲' 检索到 7 个文档
2026-08-24 12:39:35,723 - C:\Users\P72\PycharmProjects\AsIf\Itcast_qa_system\rag_qa\core\rag_system.py[line:73] - EduRAG - INFO - 子查询 'JAVA的课程大纲' 检索到 6 个文档
2026-08-24 12:39:42,185 - C:\Users\P72\PycharmProjects\AsIf\Itcast_qa_system\rag_qa\core\rag_system.py[line:73] - EduRAG - INFO - 子查询 'AI的课程学费' 检索到 7 个文档
2026-08-24 12:39:42,185 - C:\Users\P72\PycharmProjects\AsIf\Itcast_qa_system\rag_qa\core\rag_system.py[line:80] - EduRAG - INFO - 所有子查询共检索到 20 个文档, 去重后剩 11 个
2026-08-24 12:39:42,185 - C:\Users\P72\PycharmProjects\AsIf\Itcast_qa_system\rag_qa\core\rag_system.py[line:128] - EduRAG - INFO - 策略 '子查询检索' 检索到 11 个候选文档 (可能已是父文档)
2026-08-24 12:39:42,185 - C:\Users\P72\PycharmProjects\AsIf\Itcast_qa_system\rag_qa\core\rag_system.py[line:130] - EduRAG - INFO - 最终选取 8 个文档作为上下文
2026-08-24 12:39:42,185 - C:\Users\P72\PycharmProjects\AsIf\Itcast_qa_system\rag_qa\core\rag_system.py[line:173] - EduRAG - INFO - 构建上下文完成，包含 8 个文档块
2026-08-24 12:39:55,919 - C:\Users\P72\PycharmProjects\AsIf\Itcast_qa_system\rag_qa\core\rag_system.py[line:193] - EduRAG - INFO - 查询处理完成 (耗时: 33.87s, 查询: 'AI大模型的课程大纲和JAVA的课程大纲，以及AI的课程学费')
2026-08-24 15:58:14,803 - C:\Users\P72\PycharmProjects\AsIf\Itcast_qa_system\mysql_qa\db\mysql_client.py[line:24] - EduRAG - INFO - MySQL 连接成功
2026-08-24 15:58:14,853 - C:\Users\P72\PycharmProjects\AsIf\Itcast_qa_system\mysql_qa\retrieval\bm25_search.py[line:55] - EduRAG - INFO - BM25 模型初始化完成
2026-08-24 15:58:14,928 - C:\Users\P72\PycharmProjects\AsIf\Itcast_qa_system\rag_qa\core\vector_store.py[line:52] - EduRAG - INFO - 使用设置：cpu
2026-08-24 15:58:19,390 - C:\Users\P72\PycharmProjects\AsIf\Itcast_qa_system\rag_qa\core\vector_store.py[line:118] - EduRAG - INFO - 已加载集合 edurag_0421
2026-08-24 15:58:19,430 - C:\Users\P72\PycharmProjects\AsIf\Itcast_qa_system\rag_qa\core\query_classifier.py[line:35] - EduRAG - INFO - 使用设备: cpu
2026-08-24 15:58:19,500 - C:\Users\P72\PycharmProjects\AsIf\Itcast_qa_system\rag_qa\core\query_classifier.py[line:49] - EduRAG - INFO - 加载模型: /Users/P72/PycharmProjects/AsIf/Itcast_qa_system/rag_qa/core/bert_query_classifier
2026-08-24 15:58:19,545 - C:\Users\P72\PycharmProjects\AsIf\Itcast_qa_system\new_main.py[line:57] - EduRAG - INFO - 对话历史表初始化成功
2026-08-24 15:58:58,292 - C:\Users\P72\PycharmProjects\AsIf\Itcast_qa_system\mysql_qa\db\mysql_client.py[line:115] - EduRAG - INFO - MySQL 连接已关闭
2026-08-24 15:59:31,857 - C:\Users\P72\PycharmProjects\AsIf\Itcast_qa_system\mysql_qa\db\mysql_client.py[line:24] - EduRAG - INFO - MySQL 连接成功
2026-08-24 15:59:31,871 - C:\Users\P72\PycharmProjects\AsIf\Itcast_qa_system\mysql_qa\retrieval\bm25_search.py[line:55] - EduRAG - INFO - BM25 模型初始化完成
2026-08-24 15:59:31,970 - C:\Users\P72\PycharmProjects\AsIf\Itcast_qa_system\rag_qa\core\vector_store.py[line:52] - EduRAG - INFO - 使用设置：cpu
2026-08-24 15:59:36,072 - C:\Users\P72\PycharmProjects\AsIf\Itcast_qa_system\rag_qa\core\vector_store.py[line:118] - EduRAG - INFO - 已加载集合 edurag_0421
2026-08-24 15:59:36,112 - C:\Users\P72\PycharmProjects\AsIf\Itcast_qa_system\rag_qa\core\query_classifier.py[line:35] - EduRAG - INFO - 使用设备: cpu
2026-08-24 15:59:36,178 - C:\Users\P72\PycharmProjects\AsIf\Itcast_qa_system\rag_qa\core\query_classifier.py[line:49] - EduRAG - INFO - 加载模型: /Users/P72/PycharmProjects/AsIf/Itcast_qa_system/rag_qa/core/bert_query_classifier
2026-08-24 15:59:36,188 - C:\Users\P72\PycharmProjects\AsIf\Itcast_qa_system\new_main.py[line:57] - EduRAG - INFO - 对话历史表初始化成功
2026-08-24 15:59:36,691 - C:\Users\P72\PycharmProjects\AsIf\Itcast_qa_system\mysql_qa\db\mysql_client.py[line:24] - EduRAG - INFO - MySQL 连接成功
2026-08-24 15:59:36,705 - C:\Users\P72\PycharmProjects\AsIf\Itcast_qa_system\mysql_qa\retrieval\bm25_search.py[line:55] - EduRAG - INFO - BM25 模型初始化完成
2026-08-24 15:59:36,709 - C:\Users\P72\PycharmProjects\AsIf\Itcast_qa_system\rag_qa\core\vector_store.py[line:52] - EduRAG - INFO - 使用设置：cpu
2026-08-24 15:59:40,124 - C:\Users\P72\PycharmProjects\AsIf\Itcast_qa_system\rag_qa\core\vector_store.py[line:118] - EduRAG - INFO - 已加载集合 edurag_0421
2026-08-24 15:59:40,160 - C:\Users\P72\PycharmProjects\AsIf\Itcast_qa_system\rag_qa\core\query_classifier.py[line:35] - EduRAG - INFO - 使用设备: cpu
2026-08-24 15:59:40,235 - C:\Users\P72\PycharmProjects\AsIf\Itcast_qa_system\rag_qa\core\query_classifier.py[line:49] - EduRAG - INFO - 加载模型: /Users/P72/PycharmProjects/AsIf/Itcast_qa_system/rag_qa/core/bert_query_classifier
2026-08-24 15:59:40,244 - C:\Users\P72\PycharmProjects\AsIf\Itcast_qa_system\new_main.py[line:57] - EduRAG - INFO - 对话历史表初始化成功
2026-08-24 16:00:32,541 - C:\Users\P72\PycharmProjects\AsIf\Itcast_qa_system\mysql_qa\utils\preprocess.py[line:10] - EduRAG - INFO - 开始预处理文本
2026-08-24 16:00:33,531 - C:\Users\P72\PycharmProjects\AsIf\Itcast_qa_system\mysql_qa\retrieval\bm25_search.py[line:86] - EduRAG - INFO - 搜索最高分 [0.358] 结果: win10如何安装python虚拟环境以及爬虫环境
2026-08-24 16:00:33,531 - C:\Users\P72\PycharmProjects\AsIf\Itcast_qa_system\mysql_qa\retrieval\bm25_search.py[line:101] - EduRAG - INFO - 未找到可靠答案，最高 Softmax 相似度: 0.358
2026-08-24 16:00:33,846 - C:\Users\P72\PycharmProjects\AsIf\Itcast_qa_system\new_main.py[line:161] - EduRAG - INFO - 处理查询: '如何安装python' (会话ID: 02d27e72-b5b0-4c7d-9227-fd7d45661db7)
2026-08-24 16:00:33,848 - C:\Users\P72\PycharmProjects\AsIf\Itcast_qa_system\mysql_qa\utils\preprocess.py[line:10] - EduRAG - INFO - 开始预处理文本
2026-08-24 16:00:33,849 - C:\Users\P72\PycharmProjects\AsIf\Itcast_qa_system\mysql_qa\retrieval\bm25_search.py[line:86] - EduRAG - INFO - 搜索最高分 [0.358] 结果: win10如何安装python虚拟环境以及爬虫环境
2026-08-24 16:00:33,849 - C:\Users\P72\PycharmProjects\AsIf\Itcast_qa_system\mysql_qa\retrieval\bm25_search.py[line:101] - EduRAG - INFO - 未找到可靠答案，最高 Softmax 相似度: 0.358
2026-08-24 16:00:33,849 - C:\Users\P72\PycharmProjects\AsIf\Itcast_qa_system\new_main.py[line:178] - EduRAG - INFO - 无可靠MySQL答案，回退到RAG
2026-08-24 16:00:33,849 - C:\Users\P72\PycharmProjects\AsIf\Itcast_qa_system\rag_qa\core\new_rag_system.py[line:205] - EduRAG - INFO - 开始处理查询: '如何安装python', 学科过滤: 
2026-08-24 16:00:34,035 - C:\Users\P72\PycharmProjects\AsIf\Itcast_qa_system\rag_qa\core\new_rag_system.py[line:229] - EduRAG - INFO - 查询分类结果: 通用知识 (查询: '如何安装python')
2026-08-24 16:00:34,036 - C:\Users\P72\PycharmProjects\AsIf\Itcast_qa_system\rag_qa\core\new_rag_system.py[line:234] - EduRAG - INFO - 查询为通用知识，直接调用 LLM
2026-08-24 16:00:34,036 - C:\Users\P72\PycharmProjects\AsIf\Itcast_qa_system\rag_qa\core\new_rag_system.py[line:262] - EduRAG - INFO - 检索时间 (耗时: 0.19s, 查询: '如何安装python')
2026-08-24 16:00:45,177 - C:\Users\P72\PycharmProjects\AsIf\Itcast_qa_system\rag_qa\core\new_rag_system.py[line:273] - EduRAG - INFO - LLM查询处理完成 (耗时: 11.14s, 查询: '如何安装python')
2026-08-24 16:00:45,200 - C:\Users\P72\PycharmProjects\AsIf\Itcast_qa_system\new_main.py[line:127] - EduRAG - INFO - 会话 02d27e72-b5b0-4c7d-9227-fd7d45661db7 历史更新成功
2026-08-24 16:00:45,201 - C:\Users\P72\PycharmProjects\AsIf\Itcast_qa_system\new_main.py[line:193] - EduRAG - INFO - 查询处理耗时 11.36秒
2026-08-24 16:00:52,702 - C:\Users\P72\PycharmProjects\AsIf\Itcast_qa_system\mysql_qa\utils\preprocess.py[line:10] - EduRAG - INFO - 开始预处理文本
2026-08-24 16:00:52,703 - C:\Users\P72\PycharmProjects\AsIf\Itcast_qa_system\mysql_qa\retrieval\bm25_search.py[line:86] - EduRAG - INFO - 搜索最高分 [0.831] 结果: 解锁后面的课程
如何解锁后面的课程
解锁后面的学科
2026-08-24 16:00:52,703 - C:\Users\P72\PycharmProjects\AsIf\Itcast_qa_system\mysql_qa\retrieval\bm25_search.py[line:101] - EduRAG - INFO - 未找到可靠答案，最高 Softmax 相似度: 0.831
2026-08-24 16:00:53,011 - C:\Users\P72\PycharmProjects\AsIf\Itcast_qa_system\new_main.py[line:161] - EduRAG - INFO - 处理查询: '黑马的ai课程大纲' (会话ID: 02d27e72-b5b0-4c7d-9227-fd7d45661db7)
2026-08-24 16:00:53,014 - C:\Users\P72\PycharmProjects\AsIf\Itcast_qa_system\mysql_qa\utils\preprocess.py[line:10] - EduRAG - INFO - 开始预处理文本
2026-08-24 16:00:53,015 - C:\Users\P72\PycharmProjects\AsIf\Itcast_qa_system\mysql_qa\retrieval\bm25_search.py[line:86] - EduRAG - INFO - 搜索最高分 [0.831] 结果: 解锁后面的课程
如何解锁后面的课程
解锁后面的学科
2026-08-24 16:00:53,015 - C:\Users\P72\PycharmProjects\AsIf\Itcast_qa_system\mysql_qa\retrieval\bm25_search.py[line:101] - EduRAG - INFO - 未找到可靠答案，最高 Softmax 相似度: 0.831
2026-08-24 16:00:53,016 - C:\Users\P72\PycharmProjects\AsIf\Itcast_qa_system\new_main.py[line:178] - EduRAG - INFO - 无可靠MySQL答案，回退到RAG
2026-08-24 16:00:53,016 - C:\Users\P72\PycharmProjects\AsIf\Itcast_qa_system\rag_qa\core\new_rag_system.py[line:205] - EduRAG - INFO - 开始处理查询: '黑马的ai课程大纲', 学科过滤: 
2026-08-24 16:00:53,016 - C:\Users\P72\PycharmProjects\AsIf\Itcast_qa_system\rag_qa\core\new_rag_system.py[line:225] - EduRAG - INFO - 使用对话历史: Q: 如何安装python
A: 安装 Python 的步骤如下：

### 1. **访问 Python 官方网站**
前往 [Python 官方下载页面](https://www.python.o...
2026-08-24 16:00:53,065 - C:\Users\P72\PycharmProjects\AsIf\Itcast_qa_system\rag_qa\core\new_rag_system.py[line:229] - EduRAG - INFO - 查询分类结果: 专业咨询 (查询: '黑马的ai课程大纲')
2026-08-24 16:00:53,065 - C:\Users\P72\PycharmProjects\AsIf\Itcast_qa_system\rag_qa\core\new_rag_system.py[line:237] - EduRAG - INFO - 查询为专业咨询，执行 RAG 流程
2026-08-24 16:00:53,757 - C:\Users\P72\PycharmProjects\AsIf\Itcast_qa_system\rag_qa\core\strategy_selector.py[line:84] - EduRAG - INFO - 为查询 '黑马的ai课程大纲' 选择的检索策略：直接检索
2026-08-24 16:00:53,757 - C:\Users\P72\PycharmProjects\AsIf\Itcast_qa_system\rag_qa\core\new_rag_system.py[line:126] - EduRAG - INFO - 使用直接检索策略 (查询: '黑马的ai课程大纲')
2026-08-24 16:01:02,540 - C:\Users\P72\PycharmProjects\AsIf\Itcast_qa_system\rag_qa\core\new_rag_system.py[line:131] - EduRAG - INFO - 策略 '直接检索' 检索到 8 个候选文档 (可能已是父文档)
2026-08-24 16:01:02,541 - C:\Users\P72\PycharmProjects\AsIf\Itcast_qa_system\rag_qa\core\new_rag_system.py[line:133] - EduRAG - INFO - 最终选取 8 个文档作为上下文
2026-08-24 16:01:02,541 - C:\Users\P72\PycharmProjects\AsIf\Itcast_qa_system\rag_qa\core\new_rag_system.py[line:244] - EduRAG - INFO - 构建上下文完成，包含 8 个文档块
2026-08-24 16:01:02,541 - C:\Users\P72\PycharmProjects\AsIf\Itcast_qa_system\rag_qa\core\new_rag_system.py[line:256] - EduRAG - WARNING - 提示长度 4788 超过 4096，进行截断
2026-08-24 16:01:02,541 - C:\Users\P72\PycharmProjects\AsIf\Itcast_qa_system\rag_qa\core\new_rag_system.py[line:259] - EduRAG - INFO - 截断后提示长度: 4096
2026-08-24 16:01:02,541 - C:\Users\P72\PycharmProjects\AsIf\Itcast_qa_system\rag_qa\core\new_rag_system.py[line:262] - EduRAG - INFO - 检索时间 (耗时: 9.53s, 查询: '黑马的ai课程大纲')
2026-08-24 16:01:03,835 - C:\Users\P72\PycharmProjects\AsIf\Itcast_qa_system\rag_qa\core\new_rag_system.py[line:273] - EduRAG - INFO - LLM查询处理完成 (耗时: 1.29s, 查询: '黑马的ai课程大纲')
2026-08-24 16:01:03,840 - C:\Users\P72\PycharmProjects\AsIf\Itcast_qa_system\new_main.py[line:127] - EduRAG - INFO - 会话 02d27e72-b5b0-4c7d-9227-fd7d45661db7 历史更新成功
2026-08-24 16:01:03,840 - C:\Users\P72\PycharmProjects\AsIf\Itcast_qa_system\new_main.py[line:193] - EduRAG - INFO - 查询处理耗时 10.83秒
2026-08-24 16:01:13,076 - C:\Users\P72\PycharmProjects\AsIf\Itcast_qa_system\mysql_qa\utils\preprocess.py[line:10] - EduRAG - INFO - 开始预处理文本
2026-08-24 16:01:13,077 - C:\Users\P72\PycharmProjects\AsIf\Itcast_qa_system\mysql_qa\retrieval\bm25_search.py[line:86] - EduRAG - INFO - 搜索最高分 [0.620] 结果: 解锁后面的课程
如何解锁后面的课程
解锁后面的学科
2026-08-24 16:01:13,077 - C:\Users\P72\PycharmProjects\AsIf\Itcast_qa_system\mysql_qa\retrieval\bm25_search.py[line:101] - EduRAG - INFO - 未找到可靠答案，最高 Softmax 相似度: 0.620
2026-08-24 16:01:13,394 - C:\Users\P72\PycharmProjects\AsIf\Itcast_qa_system\new_main.py[line:161] - EduRAG - INFO - 处理查询: '黑马ai课程大纲' (会话ID: 02d27e72-b5b0-4c7d-9227-fd7d45661db7)
2026-08-24 16:01:13,401 - C:\Users\P72\PycharmProjects\AsIf\Itcast_qa_system\mysql_qa\utils\preprocess.py[line:10] - EduRAG - INFO - 开始预处理文本
2026-08-24 16:01:13,406 - C:\Users\P72\PycharmProjects\AsIf\Itcast_qa_system\mysql_qa\retrieval\bm25_search.py[line:86] - EduRAG - INFO - 搜索最高分 [0.620] 结果: 解锁后面的课程
如何解锁后面的课程
解锁后面的学科
2026-08-24 16:01:13,407 - C:\Users\P72\PycharmProjects\AsIf\Itcast_qa_system\mysql_qa\retrieval\bm25_search.py[line:101] - EduRAG - INFO - 未找到可靠答案，最高 Softmax 相似度: 0.620
2026-08-24 16:01:13,408 - C:\Users\P72\PycharmProjects\AsIf\Itcast_qa_system\new_main.py[line:178] - EduRAG - INFO - 无可靠MySQL答案，回退到RAG
2026-08-24 16:01:13,408 - C:\Users\P72\PycharmProjects\AsIf\Itcast_qa_system\rag_qa\core\new_rag_system.py[line:205] - EduRAG - INFO - 开始处理查询: '黑马ai课程大纲', 学科过滤: 
2026-08-24 16:01:13,409 - C:\Users\P72\PycharmProjects\AsIf\Itcast_qa_system\rag_qa\core\new_rag_system.py[line:225] - EduRAG - INFO - 使用对话历史: Q: 如何安装python
A: 安装 Python 的步骤如下：

### 1. **访问 Python 官方网站**
前往 [Python 官方下载页面](https://www.python.o...
2026-08-24 16:01:13,509 - C:\Users\P72\PycharmProjects\AsIf\Itcast_qa_system\rag_qa\core\new_rag_system.py[line:229] - EduRAG - INFO - 查询分类结果: 专业咨询 (查询: '黑马ai课程大纲')
2026-08-24 16:01:13,510 - C:\Users\P72\PycharmProjects\AsIf\Itcast_qa_system\rag_qa\core\new_rag_system.py[line:237] - EduRAG - INFO - 查询为专业咨询，执行 RAG 流程
2026-08-24 16:01:14,281 - C:\Users\P72\PycharmProjects\AsIf\Itcast_qa_system\rag_qa\core\strategy_selector.py[line:84] - EduRAG - INFO - 为查询 '黑马ai课程大纲' 选择的检索策略：直接检索
2026-08-24 16:01:14,281 - C:\Users\P72\PycharmProjects\AsIf\Itcast_qa_system\rag_qa\core\new_rag_system.py[line:126] - EduRAG - INFO - 使用直接检索策略 (查询: '黑马ai课程大纲')
2026-08-24 16:01:22,595 - C:\Users\P72\PycharmProjects\AsIf\Itcast_qa_system\rag_qa\core\new_rag_system.py[line:131] - EduRAG - INFO - 策略 '直接检索' 检索到 8 个候选文档 (可能已是父文档)
2026-08-24 16:01:22,596 - C:\Users\P72\PycharmProjects\AsIf\Itcast_qa_system\rag_qa\core\new_rag_system.py[line:133] - EduRAG - INFO - 最终选取 8 个文档作为上下文
2026-08-24 16:01:22,596 - C:\Users\P72\PycharmProjects\AsIf\Itcast_qa_system\rag_qa\core\new_rag_system.py[line:244] - EduRAG - INFO - 构建上下文完成，包含 8 个文档块
2026-08-24 16:01:22,597 - C:\Users\P72\PycharmProjects\AsIf\Itcast_qa_system\rag_qa\core\new_rag_system.py[line:256] - EduRAG - WARNING - 提示长度 4834 超过 4096，进行截断
2026-08-24 16:01:22,598 - C:\Users\P72\PycharmProjects\AsIf\Itcast_qa_system\rag_qa\core\new_rag_system.py[line:259] - EduRAG - INFO - 截断后提示长度: 4096
2026-08-24 16:01:22,598 - C:\Users\P72\PycharmProjects\AsIf\Itcast_qa_system\rag_qa\core\new_rag_system.py[line:262] - EduRAG - INFO - 检索时间 (耗时: 9.19s, 查询: '黑马ai课程大纲')
2026-08-24 16:01:24,082 - C:\Users\P72\PycharmProjects\AsIf\Itcast_qa_system\rag_qa\core\new_rag_system.py[line:273] - EduRAG - INFO - LLM查询处理完成 (耗时: 1.48s, 查询: '黑马ai课程大纲')
2026-08-24 16:01:24,089 - C:\Users\P72\PycharmProjects\AsIf\Itcast_qa_system\new_main.py[line:127] - EduRAG - INFO - 会话 02d27e72-b5b0-4c7d-9227-fd7d45661db7 历史更新成功
2026-08-24 16:01:24,089 - C:\Users\P72\PycharmProjects\AsIf\Itcast_qa_system\new_main.py[line:193] - EduRAG - INFO - 查询处理耗时 10.70秒
2026-08-24 16:01:27,285 - C:\Users\P72\PycharmProjects\AsIf\Itcast_qa_system\mysql_qa\utils\preprocess.py[line:10] - EduRAG - INFO - 开始预处理文本
2026-08-24 16:01:27,287 - C:\Users\P72\PycharmProjects\AsIf\Itcast_qa_system\mysql_qa\retrieval\bm25_search.py[line:86] - EduRAG - INFO - 搜索最高分 [0.860] 结果: 解锁后面的课程
如何解锁后面的课程
解锁后面的学科
2026-08-24 16:01:27,292 - C:\Users\P72\PycharmProjects\AsIf\Itcast_qa_system\mysql_qa\retrieval\bm25_search.py[line:97] - EduRAG - INFO - 搜索成功，Softmax 相似度: 0.860
2026-08-24 16:01:47,719 - C:\Users\P72\PycharmProjects\AsIf\Itcast_qa_system\mysql_qa\utils\preprocess.py[line:10] - EduRAG - INFO - 开始预处理文本
2026-08-24 16:01:47,721 - C:\Users\P72\PycharmProjects\AsIf\Itcast_qa_system\mysql_qa\retrieval\bm25_search.py[line:86] - EduRAG - INFO - 搜索最高分 [0.620] 结果: 解锁后面的课程
如何解锁后面的课程
解锁后面的学科
2026-08-24 16:01:47,721 - C:\Users\P72\PycharmProjects\AsIf\Itcast_qa_system\mysql_qa\retrieval\bm25_search.py[line:101] - EduRAG - INFO - 未找到可靠答案，最高 Softmax 相似度: 0.620
2026-08-24 16:01:48,029 - C:\Users\P72\PycharmProjects\AsIf\Itcast_qa_system\new_main.py[line:161] - EduRAG - INFO - 处理查询: '黑马AI课程大纲' (会话ID: 02d27e72-b5b0-4c7d-9227-fd7d45661db7)
2026-08-24 16:01:48,031 - C:\Users\P72\PycharmProjects\AsIf\Itcast_qa_system\mysql_qa\utils\preprocess.py[line:10] - EduRAG - INFO - 开始预处理文本
2026-08-24 16:01:48,032 - C:\Users\P72\PycharmProjects\AsIf\Itcast_qa_system\mysql_qa\retrieval\bm25_search.py[line:86] - EduRAG - INFO - 搜索最高分 [0.620] 结果: 解锁后面的课程
如何解锁后面的课程
解锁后面的学科
2026-08-24 16:01:48,032 - C:\Users\P72\PycharmProjects\AsIf\Itcast_qa_system\mysql_qa\retrieval\bm25_search.py[line:101] - EduRAG - INFO - 未找到可靠答案，最高 Softmax 相似度: 0.620
2026-08-24 16:01:48,032 - C:\Users\P72\PycharmProjects\AsIf\Itcast_qa_system\new_main.py[line:178] - EduRAG - INFO - 无可靠MySQL答案，回退到RAG
2026-08-24 16:01:48,032 - C:\Users\P72\PycharmProjects\AsIf\Itcast_qa_system\rag_qa\core\new_rag_system.py[line:205] - EduRAG - INFO - 开始处理查询: '黑马AI课程大纲', 学科过滤: 
2026-08-24 16:01:48,032 - C:\Users\P72\PycharmProjects\AsIf\Itcast_qa_system\rag_qa\core\new_rag_system.py[line:225] - EduRAG - INFO - 使用对话历史: Q: 如何安装python
A: 安装 Python 的步骤如下：

### 1. **访问 Python 官方网站**
前往 [Python 官方下载页面](https://www.python.o...
2026-08-24 16:01:48,104 - C:\Users\P72\PycharmProjects\AsIf\Itcast_qa_system\rag_qa\core\new_rag_system.py[line:229] - EduRAG - INFO - 查询分类结果: 专业咨询 (查询: '黑马AI课程大纲')
2026-08-24 16:01:48,104 - C:\Users\P72\PycharmProjects\AsIf\Itcast_qa_system\rag_qa\core\new_rag_system.py[line:237] - EduRAG - INFO - 查询为专业咨询，执行 RAG 流程
2026-08-24 16:01:48,764 - C:\Users\P72\PycharmProjects\AsIf\Itcast_qa_system\rag_qa\core\strategy_selector.py[line:84] - EduRAG - INFO - 为查询 '黑马AI课程大纲' 选择的检索策略：直接检索
2026-08-24 16:01:48,764 - C:\Users\P72\PycharmProjects\AsIf\Itcast_qa_system\rag_qa\core\new_rag_system.py[line:126] - EduRAG - INFO - 使用直接检索策略 (查询: '黑马AI课程大纲')
2026-08-24 16:01:55,963 - C:\Users\P72\PycharmProjects\AsIf\Itcast_qa_system\rag_qa\core\new_rag_system.py[line:131] - EduRAG - INFO - 策略 '直接检索' 检索到 8 个候选文档 (可能已是父文档)
2026-08-24 16:01:55,963 - C:\Users\P72\PycharmProjects\AsIf\Itcast_qa_system\rag_qa\core\new_rag_system.py[line:133] - EduRAG - INFO - 最终选取 8 个文档作为上下文
2026-08-24 16:01:55,964 - C:\Users\P72\PycharmProjects\AsIf\Itcast_qa_system\rag_qa\core\new_rag_system.py[line:244] - EduRAG - INFO - 构建上下文完成，包含 8 个文档块
2026-08-24 16:01:55,964 - C:\Users\P72\PycharmProjects\AsIf\Itcast_qa_system\rag_qa\core\new_rag_system.py[line:256] - EduRAG - WARNING - 提示长度 4792 超过 4096，进行截断
2026-08-24 16:01:55,964 - C:\Users\P72\PycharmProjects\AsIf\Itcast_qa_system\rag_qa\core\new_rag_system.py[line:259] - EduRAG - INFO - 截断后提示长度: 4096
2026-08-24 16:01:55,964 - C:\Users\P72\PycharmProjects\AsIf\Itcast_qa_system\rag_qa\core\new_rag_system.py[line:262] - EduRAG - INFO - 检索时间 (耗时: 7.93s, 查询: '黑马AI课程大纲')
2026-08-24 16:01:57,059 - C:\Users\P72\PycharmProjects\AsIf\Itcast_qa_system\rag_qa\core\new_rag_system.py[line:273] - EduRAG - INFO - LLM查询处理完成 (耗时: 1.09s, 查询: '黑马AI课程大纲')
2026-08-24 16:01:57,064 - C:\Users\P72\PycharmProjects\AsIf\Itcast_qa_system\new_main.py[line:127] - EduRAG - INFO - 会话 02d27e72-b5b0-4c7d-9227-fd7d45661db7 历史更新成功
2026-08-24 16:01:57,064 - C:\Users\P72\PycharmProjects\AsIf\Itcast_qa_system\new_main.py[line:193] - EduRAG - INFO - 查询处理耗时 9.04秒
2026-08-24 16:02:07,191 - C:\Users\P72\PycharmProjects\AsIf\Itcast_qa_system\mysql_qa\utils\preprocess.py[line:10] - EduRAG - INFO - 开始预处理文本
2026-08-24 16:02:07,192 - C:\Users\P72\PycharmProjects\AsIf\Itcast_qa_system\mysql_qa\retrieval\bm25_search.py[line:86] - EduRAG - INFO - 搜索最高分 [0.620] 结果: 解锁后面的课程
如何解锁后面的课程
解锁后面的学科
2026-08-24 16:02:07,193 - C:\Users\P72\PycharmProjects\AsIf\Itcast_qa_system\mysql_qa\retrieval\bm25_search.py[line:101] - EduRAG - INFO - 未找到可靠答案，最高 Softmax 相似度: 0.620
2026-08-24 16:02:07,501 - C:\Users\P72\PycharmProjects\AsIf\Itcast_qa_system\new_main.py[line:161] - EduRAG - INFO - 处理查询: '黑马AI课程大纲' (会话ID: 02d27e72-b5b0-4c7d-9227-fd7d45661db7)
2026-08-24 16:02:07,503 - C:\Users\P72\PycharmProjects\AsIf\Itcast_qa_system\mysql_qa\utils\preprocess.py[line:10] - EduRAG - INFO - 开始预处理文本
2026-08-24 16:02:07,504 - C:\Users\P72\PycharmProjects\AsIf\Itcast_qa_system\mysql_qa\retrieval\bm25_search.py[line:86] - EduRAG - INFO - 搜索最高分 [0.620] 结果: 解锁后面的课程
如何解锁后面的课程
解锁后面的学科
2026-08-24 16:02:07,504 - C:\Users\P72\PycharmProjects\AsIf\Itcast_qa_system\mysql_qa\retrieval\bm25_search.py[line:101] - EduRAG - INFO - 未找到可靠答案，最高 Softmax 相似度: 0.620
2026-08-24 16:02:07,504 - C:\Users\P72\PycharmProjects\AsIf\Itcast_qa_system\new_main.py[line:178] - EduRAG - INFO - 无可靠MySQL答案，回退到RAG
2026-08-24 16:02:07,505 - C:\Users\P72\PycharmProjects\AsIf\Itcast_qa_system\rag_qa\core\new_rag_system.py[line:205] - EduRAG - INFO - 开始处理查询: '黑马AI课程大纲', 学科过滤: 
2026-08-24 16:02:07,505 - C:\Users\P72\PycharmProjects\AsIf\Itcast_qa_system\rag_qa\core\new_rag_system.py[line:225] - EduRAG - INFO - 使用对话历史: Q: 如何安装python
A: 安装 Python 的步骤如下：

### 1. **访问 Python 官方网站**
前往 [Python 官方下载页面](https://www.python.o...
2026-08-24 16:02:07,565 - C:\Users\P72\PycharmProjects\AsIf\Itcast_qa_system\rag_qa\core\new_rag_system.py[line:229] - EduRAG - INFO - 查询分类结果: 专业咨询 (查询: '黑马AI课程大纲')
2026-08-24 16:02:07,566 - C:\Users\P72\PycharmProjects\AsIf\Itcast_qa_system\rag_qa\core\new_rag_system.py[line:237] - EduRAG - INFO - 查询为专业咨询，执行 RAG 流程
2026-08-24 16:02:08,477 - C:\Users\P72\PycharmProjects\AsIf\Itcast_qa_system\rag_qa\core\strategy_selector.py[line:84] - EduRAG - INFO - 为查询 '黑马AI课程大纲' 选择的检索策略：直接检索
2026-08-24 16:02:08,477 - C:\Users\P72\PycharmProjects\AsIf\Itcast_qa_system\rag_qa\core\new_rag_system.py[line:126] - EduRAG - INFO - 使用直接检索策略 (查询: '黑马AI课程大纲')
2026-08-24 16:02:15,641 - C:\Users\P72\PycharmProjects\AsIf\Itcast_qa_system\rag_qa\core\new_rag_system.py[line:131] - EduRAG - INFO - 策略 '直接检索' 检索到 8 个候选文档 (可能已是父文档)
2026-08-24 16:02:15,641 - C:\Users\P72\PycharmProjects\AsIf\Itcast_qa_system\rag_qa\core\new_rag_system.py[line:133] - EduRAG - INFO - 最终选取 8 个文档作为上下文
2026-08-24 16:02:15,641 - C:\Users\P72\PycharmProjects\AsIf\Itcast_qa_system\rag_qa\core\new_rag_system.py[line:244] - EduRAG - INFO - 构建上下文完成，包含 8 个文档块
2026-08-24 16:02:15,641 - C:\Users\P72\PycharmProjects\AsIf\Itcast_qa_system\rag_qa\core\new_rag_system.py[line:256] - EduRAG - WARNING - 提示长度 4851 超过 4096，进行截断
2026-08-24 16:02:15,642 - C:\Users\P72\PycharmProjects\AsIf\Itcast_qa_system\rag_qa\core\new_rag_system.py[line:259] - EduRAG - INFO - 截断后提示长度: 4096
2026-08-24 16:02:15,642 - C:\Users\P72\PycharmProjects\AsIf\Itcast_qa_system\rag_qa\core\new_rag_system.py[line:262] - EduRAG - INFO - 检索时间 (耗时: 8.14s, 查询: '黑马AI课程大纲')
2026-08-24 16:02:16,815 - C:\Users\P72\PycharmProjects\AsIf\Itcast_qa_system\rag_qa\core\new_rag_system.py[line:273] - EduRAG - INFO - LLM查询处理完成 (耗时: 1.17s, 查询: '黑马AI课程大纲')
2026-08-24 16:02:16,821 - C:\Users\P72\PycharmProjects\AsIf\Itcast_qa_system\new_main.py[line:127] - EduRAG - INFO - 会话 02d27e72-b5b0-4c7d-9227-fd7d45661db7 历史更新成功
2026-08-24 16:02:16,821 - C:\Users\P72\PycharmProjects\AsIf\Itcast_qa_system\new_main.py[line:193] - EduRAG - INFO - 查询处理耗时 9.32秒
2026-08-24 16:02:21,014 - C:\Users\P72\PycharmProjects\AsIf\Itcast_qa_system\mysql_qa\utils\preprocess.py[line:10] - EduRAG - INFO - 开始预处理文本
2026-08-24 16:02:21,016 - C:\Users\P72\PycharmProjects\AsIf\Itcast_qa_system\mysql_qa\retrieval\bm25_search.py[line:86] - EduRAG - INFO - 搜索最高分 [0.729] 结果: 解锁后面的课程
如何解锁后面的课程
解锁后面的学科
2026-08-24 16:02:21,016 - C:\Users\P72\PycharmProjects\AsIf\Itcast_qa_system\mysql_qa\retrieval\bm25_search.py[line:101] - EduRAG - INFO - 未找到可靠答案，最高 Softmax 相似度: 0.729
2026-08-24 16:02:21,325 - C:\Users\P72\PycharmProjects\AsIf\Itcast_qa_system\new_main.py[line:161] - EduRAG - INFO - 处理查询: 'AI课程的学费是多少' (会话ID: 02d27e72-b5b0-4c7d-9227-fd7d45661db7)
2026-08-24 16:02:21,327 - C:\Users\P72\PycharmProjects\AsIf\Itcast_qa_system\mysql_qa\utils\preprocess.py[line:10] - EduRAG - INFO - 开始预处理文本
2026-08-24 16:02:21,328 - C:\Users\P72\PycharmProjects\AsIf\Itcast_qa_system\mysql_qa\retrieval\bm25_search.py[line:86] - EduRAG - INFO - 搜索最高分 [0.729] 结果: 解锁后面的课程
如何解锁后面的课程
解锁后面的学科
2026-08-24 16:02:21,328 - C:\Users\P72\PycharmProjects\AsIf\Itcast_qa_system\mysql_qa\retrieval\bm25_search.py[line:101] - EduRAG - INFO - 未找到可靠答案，最高 Softmax 相似度: 0.729
2026-08-24 16:02:21,328 - C:\Users\P72\PycharmProjects\AsIf\Itcast_qa_system\new_main.py[line:178] - EduRAG - INFO - 无可靠MySQL答案，回退到RAG
2026-08-24 16:02:21,328 - C:\Users\P72\PycharmProjects\AsIf\Itcast_qa_system\rag_qa\core\new_rag_system.py[line:205] - EduRAG - INFO - 开始处理查询: 'AI课程的学费是多少', 学科过滤: 
2026-08-24 16:02:21,329 - C:\Users\P72\PycharmProjects\AsIf\Itcast_qa_system\rag_qa\core\new_rag_system.py[line:225] - EduRAG - INFO - 使用对话历史: Q: 如何安装python
A: 安装 Python 的步骤如下：

### 1. **访问 Python 官方网站**
前往 [Python 官方下载页面](https://www.python.o...
2026-08-24 16:02:21,379 - C:\Users\P72\PycharmProjects\AsIf\Itcast_qa_system\rag_qa\core\new_rag_system.py[line:229] - EduRAG - INFO - 查询分类结果: 专业咨询 (查询: 'AI课程的学费是多少')
2026-08-24 16:02:21,379 - C:\Users\P72\PycharmProjects\AsIf\Itcast_qa_system\rag_qa\core\new_rag_system.py[line:237] - EduRAG - INFO - 查询为专业咨询，执行 RAG 流程
2026-08-24 16:02:22,036 - C:\Users\P72\PycharmProjects\AsIf\Itcast_qa_system\rag_qa\core\strategy_selector.py[line:84] - EduRAG - INFO - 为查询 'AI课程的学费是多少' 选择的检索策略：直接检索
2026-08-24 16:02:22,036 - C:\Users\P72\PycharmProjects\AsIf\Itcast_qa_system\rag_qa\core\new_rag_system.py[line:126] - EduRAG - INFO - 使用直接检索策略 (查询: 'AI课程的学费是多少')
2026-08-24 16:02:28,499 - C:\Users\P72\PycharmProjects\AsIf\Itcast_qa_system\rag_qa\core\new_rag_system.py[line:131] - EduRAG - INFO - 策略 '直接检索' 检索到 7 个候选文档 (可能已是父文档)
2026-08-24 16:02:28,500 - C:\Users\P72\PycharmProjects\AsIf\Itcast_qa_system\rag_qa\core\new_rag_system.py[line:133] - EduRAG - INFO - 最终选取 7 个文档作为上下文
2026-08-24 16:02:28,500 - C:\Users\P72\PycharmProjects\AsIf\Itcast_qa_system\rag_qa\core\new_rag_system.py[line:244] - EduRAG - INFO - 构建上下文完成，包含 7 个文档块
2026-08-24 16:02:28,500 - C:\Users\P72\PycharmProjects\AsIf\Itcast_qa_system\rag_qa\core\new_rag_system.py[line:256] - EduRAG - WARNING - 提示长度 4510 超过 4096，进行截断
2026-08-24 16:02:28,500 - C:\Users\P72\PycharmProjects\AsIf\Itcast_qa_system\rag_qa\core\new_rag_system.py[line:259] - EduRAG - INFO - 截断后提示长度: 4096
2026-08-24 16:02:28,500 - C:\Users\P72\PycharmProjects\AsIf\Itcast_qa_system\rag_qa\core\new_rag_system.py[line:262] - EduRAG - INFO - 检索时间 (耗时: 7.17s, 查询: 'AI课程的学费是多少')
2026-08-24 16:02:29,691 - C:\Users\P72\PycharmProjects\AsIf\Itcast_qa_system\rag_qa\core\new_rag_system.py[line:273] - EduRAG - INFO - LLM查询处理完成 (耗时: 1.19s, 查询: 'AI课程的学费是多少')
2026-08-24 16:02:29,698 - C:\Users\P72\PycharmProjects\AsIf\Itcast_qa_system\new_main.py[line:127] - EduRAG - INFO - 会话 02d27e72-b5b0-4c7d-9227-fd7d45661db7 历史更新成功
2026-08-24 16:02:29,699 - C:\Users\P72\PycharmProjects\AsIf\Itcast_qa_system\new_main.py[line:193] - EduRAG - INFO - 查询处理耗时 8.37秒
2026-08-24 16:02:31,942 - C:\Users\P72\PycharmProjects\AsIf\Itcast_qa_system\mysql_qa\utils\preprocess.py[line:10] - EduRAG - INFO - 开始预处理文本
2026-08-24 16:02:31,943 - C:\Users\P72\PycharmProjects\AsIf\Itcast_qa_system\mysql_qa\retrieval\bm25_search.py[line:86] - EduRAG - INFO - 搜索最高分 [0.432] 结果: 解锁后面的课程
如何解锁后面的课程
解锁后面的学科
2026-08-24 16:02:31,943 - C:\Users\P72\PycharmProjects\AsIf\Itcast_qa_system\mysql_qa\retrieval\bm25_search.py[line:101] - EduRAG - INFO - 未找到可靠答案，最高 Softmax 相似度: 0.432
2026-08-24 16:02:32,255 - C:\Users\P72\PycharmProjects\AsIf\Itcast_qa_system\new_main.py[line:161] - EduRAG - INFO - 处理查询: 'JAVA课程的学费是多少' (会话ID: 02d27e72-b5b0-4c7d-9227-fd7d45661db7)
2026-08-24 16:02:32,257 - C:\Users\P72\PycharmProjects\AsIf\Itcast_qa_system\mysql_qa\utils\preprocess.py[line:10] - EduRAG - INFO - 开始预处理文本
2026-08-24 16:02:32,259 - C:\Users\P72\PycharmProjects\AsIf\Itcast_qa_system\mysql_qa\retrieval\bm25_search.py[line:86] - EduRAG - INFO - 搜索最高分 [0.432] 结果: 解锁后面的课程
如何解锁后面的课程
解锁后面的学科
2026-08-24 16:02:32,259 - C:\Users\P72\PycharmProjects\AsIf\Itcast_qa_system\mysql_qa\retrieval\bm25_search.py[line:101] - EduRAG - INFO - 未找到可靠答案，最高 Softmax 相似度: 0.432
2026-08-24 16:02:32,259 - C:\Users\P72\PycharmProjects\AsIf\Itcast_qa_system\new_main.py[line:178] - EduRAG - INFO - 无可靠MySQL答案，回退到RAG
2026-08-24 16:02:32,259 - C:\Users\P72\PycharmProjects\AsIf\Itcast_qa_system\rag_qa\core\new_rag_system.py[line:205] - EduRAG - INFO - 开始处理查询: 'JAVA课程的学费是多少', 学科过滤: 
2026-08-24 16:02:32,259 - C:\Users\P72\PycharmProjects\AsIf\Itcast_qa_system\rag_qa\core\new_rag_system.py[line:225] - EduRAG - INFO - 使用对话历史: Q: 黑马的ai课程大纲
A: 信息不足，无法回答，请联系人工客服，电话：12345678。
Q: 黑马ai课程大纲
A: 信息不足，无法回答，请联系人工客服，电话：12345678。
Q: 黑马AI...
2026-08-24 16:02:32,306 - C:\Users\P72\PycharmProjects\AsIf\Itcast_qa_system\rag_qa\core\new_rag_system.py[line:229] - EduRAG - INFO - 查询分类结果: 专业咨询 (查询: 'JAVA课程的学费是多少')
2026-08-24 16:02:32,306 - C:\Users\P72\PycharmProjects\AsIf\Itcast_qa_system\rag_qa\core\new_rag_system.py[line:237] - EduRAG - INFO - 查询为专业咨询，执行 RAG 流程
2026-08-24 16:02:33,033 - C:\Users\P72\PycharmProjects\AsIf\Itcast_qa_system\rag_qa\core\strategy_selector.py[line:84] - EduRAG - INFO - 为查询 'JAVA课程的学费是多少' 选择的检索策略：直接检索
2026-08-24 16:02:33,034 - C:\Users\P72\PycharmProjects\AsIf\Itcast_qa_system\rag_qa\core\new_rag_system.py[line:126] - EduRAG - INFO - 使用直接检索策略 (查询: 'JAVA课程的学费是多少')
2026-08-24 16:02:38,493 - C:\Users\P72\PycharmProjects\AsIf\Itcast_qa_system\rag_qa\core\new_rag_system.py[line:131] - EduRAG - INFO - 策略 '直接检索' 检索到 5 个候选文档 (可能已是父文档)
2026-08-24 16:02:38,494 - C:\Users\P72\PycharmProjects\AsIf\Itcast_qa_system\rag_qa\core\new_rag_system.py[line:133] - EduRAG - INFO - 最终选取 5 个文档作为上下文
2026-08-24 16:02:38,494 - C:\Users\P72\PycharmProjects\AsIf\Itcast_qa_system\rag_qa\core\new_rag_system.py[line:244] - EduRAG - INFO - 构建上下文完成，包含 5 个文档块
2026-08-24 16:02:38,494 - C:\Users\P72\PycharmProjects\AsIf\Itcast_qa_system\rag_qa\core\new_rag_system.py[line:262] - EduRAG - INFO - 检索时间 (耗时: 6.24s, 查询: 'JAVA课程的学费是多少')
2026-08-24 16:02:40,058 - C:\Users\P72\PycharmProjects\AsIf\Itcast_qa_system\rag_qa\core\new_rag_system.py[line:273] - EduRAG - INFO - LLM查询处理完成 (耗时: 1.56s, 查询: 'JAVA课程的学费是多少')
2026-08-24 16:02:40,064 - C:\Users\P72\PycharmProjects\AsIf\Itcast_qa_system\new_main.py[line:127] - EduRAG - INFO - 会话 02d27e72-b5b0-4c7d-9227-fd7d45661db7 历史更新成功
2026-08-24 16:02:40,064 - C:\Users\P72\PycharmProjects\AsIf\Itcast_qa_system\new_main.py[line:193] - EduRAG - INFO - 查询处理耗时 7.81秒
2026-08-24 16:02:53,298 - C:\Users\P72\PycharmProjects\AsIf\Itcast_qa_system\mysql_qa\utils\preprocess.py[line:10] - EduRAG - INFO - 开始预处理文本
2026-08-24 16:02:53,299 - C:\Users\P72\PycharmProjects\AsIf\Itcast_qa_system\mysql_qa\retrieval\bm25_search.py[line:86] - EduRAG - INFO - 搜索最高分 [0.619] 结果: 解锁后面的课程
如何解锁后面的课程
解锁后面的学科
2026-08-24 16:02:53,299 - C:\Users\P72\PycharmProjects\AsIf\Itcast_qa_system\mysql_qa\retrieval\bm25_search.py[line:101] - EduRAG - INFO - 未找到可靠答案，最高 Softmax 相似度: 0.619
2026-08-24 16:02:53,610 - C:\Users\P72\PycharmProjects\AsIf\Itcast_qa_system\new_main.py[line:161] - EduRAG - INFO - 处理查询: 'AI课程 学费' (会话ID: 02d27e72-b5b0-4c7d-9227-fd7d45661db7)
2026-08-24 16:02:53,612 - C:\Users\P72\PycharmProjects\AsIf\Itcast_qa_system\mysql_qa\utils\preprocess.py[line:10] - EduRAG - INFO - 开始预处理文本
2026-08-24 16:02:53,613 - C:\Users\P72\PycharmProjects\AsIf\Itcast_qa_system\mysql_qa\retrieval\bm25_search.py[line:86] - EduRAG - INFO - 搜索最高分 [0.619] 结果: 解锁后面的课程
如何解锁后面的课程
解锁后面的学科
2026-08-24 16:02:53,613 - C:\Users\P72\PycharmProjects\AsIf\Itcast_qa_system\mysql_qa\retrieval\bm25_search.py[line:101] - EduRAG - INFO - 未找到可靠答案，最高 Softmax 相似度: 0.619
2026-08-24 16:02:53,613 - C:\Users\P72\PycharmProjects\AsIf\Itcast_qa_system\new_main.py[line:178] - EduRAG - INFO - 无可靠MySQL答案，回退到RAG
2026-08-24 16:02:53,613 - C:\Users\P72\PycharmProjects\AsIf\Itcast_qa_system\rag_qa\core\new_rag_system.py[line:205] - EduRAG - INFO - 开始处理查询: 'AI课程 学费', 学科过滤: 
2026-08-24 16:02:53,613 - C:\Users\P72\PycharmProjects\AsIf\Itcast_qa_system\rag_qa\core\new_rag_system.py[line:225] - EduRAG - INFO - 使用对话历史: Q: 黑马ai课程大纲
A: 信息不足，无法回答，请联系人工客服，电话：12345678。
Q: 黑马AI课程大纲
A: 根据提供的文档，**AI大模型开发课程**的学习周期为 **4-6个月**（全...
2026-08-24 16:02:53,661 - C:\Users\P72\PycharmProjects\AsIf\Itcast_qa_system\rag_qa\core\new_rag_system.py[line:229] - EduRAG - INFO - 查询分类结果: 专业咨询 (查询: 'AI课程 学费')
2026-08-24 16:02:53,661 - C:\Users\P72\PycharmProjects\AsIf\Itcast_qa_system\rag_qa\core\new_rag_system.py[line:237] - EduRAG - INFO - 查询为专业咨询，执行 RAG 流程
2026-08-24 16:02:54,502 - C:\Users\P72\PycharmProjects\AsIf\Itcast_qa_system\rag_qa\core\strategy_selector.py[line:84] - EduRAG - INFO - 为查询 'AI课程 学费' 选择的检索策略：直接检索
2026-08-24 16:02:54,502 - C:\Users\P72\PycharmProjects\AsIf\Itcast_qa_system\rag_qa\core\new_rag_system.py[line:126] - EduRAG - INFO - 使用直接检索策略 (查询: 'AI课程 学费')
2026-08-24 16:03:00,858 - C:\Users\P72\PycharmProjects\AsIf\Itcast_qa_system\rag_qa\core\new_rag_system.py[line:131] - EduRAG - INFO - 策略 '直接检索' 检索到 7 个候选文档 (可能已是父文档)
2026-08-24 16:03:00,858 - C:\Users\P72\PycharmProjects\AsIf\Itcast_qa_system\rag_qa\core\new_rag_system.py[line:133] - EduRAG - INFO - 最终选取 7 个文档作为上下文
2026-08-24 16:03:00,858 - C:\Users\P72\PycharmProjects\AsIf\Itcast_qa_system\rag_qa\core\new_rag_system.py[line:244] - EduRAG - INFO - 构建上下文完成，包含 7 个文档块
2026-08-24 16:03:00,858 - C:\Users\P72\PycharmProjects\AsIf\Itcast_qa_system\rag_qa\core\new_rag_system.py[line:262] - EduRAG - INFO - 检索时间 (耗时: 7.25s, 查询: 'AI课程 学费')
2026-08-24 16:03:02,104 - C:\Users\P72\PycharmProjects\AsIf\Itcast_qa_system\rag_qa\core\new_rag_system.py[line:273] - EduRAG - INFO - LLM查询处理完成 (耗时: 1.25s, 查询: 'AI课程 学费')
2026-08-24 16:03:02,110 - C:\Users\P72\PycharmProjects\AsIf\Itcast_qa_system\new_main.py[line:127] - EduRAG - INFO - 会话 02d27e72-b5b0-4c7d-9227-fd7d45661db7 历史更新成功
2026-08-24 16:03:02,110 - C:\Users\P72\PycharmProjects\AsIf\Itcast_qa_system\new_main.py[line:193] - EduRAG - INFO - 查询处理耗时 8.50秒
2026-08-24 16:03:08,870 - C:\Users\P72\PycharmProjects\AsIf\Itcast_qa_system\mysql_qa\utils\preprocess.py[line:10] - EduRAG - INFO - 开始预处理文本
2026-08-24 16:03:08,872 - C:\Users\P72\PycharmProjects\AsIf\Itcast_qa_system\mysql_qa\retrieval\bm25_search.py[line:86] - EduRAG - INFO - 搜索最高分 [0.991] 结果: 解锁后面的课程
如何解锁后面的课程
解锁后面的学科
2026-08-24 16:03:08,874 - C:\Users\P72\PycharmProjects\AsIf\Itcast_qa_system\mysql_qa\retrieval\bm25_search.py[line:97] - EduRAG - INFO - 搜索成功，Softmax 相似度: 0.991
2026-08-24 16:03:34,204 - C:\Users\P72\PycharmProjects\AsIf\Itcast_qa_system\mysql_qa\utils\preprocess.py[line:10] - EduRAG - INFO - 开始预处理文本
2026-08-24 16:03:34,206 - C:\Users\P72\PycharmProjects\AsIf\Itcast_qa_system\mysql_qa\retrieval\bm25_search.py[line:86] - EduRAG - INFO - 搜索最高分 [0.991] 结果: 解锁后面的课程
如何解锁后面的课程
解锁后面的学科
2026-08-24 16:03:34,209 - C:\Users\P72\PycharmProjects\AsIf\Itcast_qa_system\mysql_qa\retrieval\bm25_search.py[line:97] - EduRAG - INFO - 搜索成功，Softmax 相似度: 0.991
2026-08-24 16:03:37,794 - C:\Users\P72\PycharmProjects\AsIf\Itcast_qa_system\mysql_qa\utils\preprocess.py[line:10] - EduRAG - INFO - 开始预处理文本
2026-08-24 16:03:37,796 - C:\Users\P72\PycharmProjects\AsIf\Itcast_qa_system\mysql_qa\retrieval\bm25_search.py[line:86] - EduRAG - INFO - 搜索最高分 [0.999] 结果: 解锁后面的课程
如何解锁后面的课程
解锁后面的学科
2026-08-24 16:03:37,799 - C:\Users\P72\PycharmProjects\AsIf\Itcast_qa_system\mysql_qa\retrieval\bm25_search.py[line:97] - EduRAG - INFO - 搜索成功，Softmax 相似度: 0.999
2026-08-24 16:04:03,076 - C:\Users\P72\PycharmProjects\AsIf\Itcast_qa_system\mysql_qa\utils\preprocess.py[line:10] - EduRAG - INFO - 开始预处理文本
2026-08-24 16:04:03,078 - C:\Users\P72\PycharmProjects\AsIf\Itcast_qa_system\mysql_qa\retrieval\bm25_search.py[line:86] - EduRAG - INFO - 搜索最高分 [1.000] 结果: 解锁后面的课程
如何解锁后面的课程
解锁后面的学科
2026-08-24 16:04:03,080 - C:\Users\P72\PycharmProjects\AsIf\Itcast_qa_system\mysql_qa\retrieval\bm25_search.py[line:97] - EduRAG - INFO - 搜索成功，Softmax 相似度: 1.000
